Education,Marital_Status,Income,MntWines,MntFruits,MntMeatProducts,MntFishProducts,MntSweetProducts,MntGoldProds,NumDealsPurchases,NumWebPurchases,NumCatalogPurchases,NumStorePurchases,NumWebVisitsMonth,Complain,age,Accepted_Cmp,duration,children,HighestPurchaseSource
College Graduate,Single,58138.0,635,88,546,172,88,88,3,8,10,4,7,0,66,Yes,14.047912388774812,0,catalog
College Graduate,Single,46344.0,11,1,6,2,1,6,2,1,1,2,5,0,69,No,12.542094455852157,2,store
College Graduate,Together,71613.0,426,49,127,111,21,42,1,8,2,10,4,0,58,No,13.086926762491444,0,store
College Graduate,Together,26646.0,11,4,20,10,3,5,2,2,0,4,6,0,39,No,12.61327857631759,1,store
PhD,Married,58293.0,173,43,118,46,27,15,5,5,3,6,5,0,42,No,12.673511293634498,1,store
Master,Together,62513.0,520,42,98,0,42,14,2,6,4,10,6,0,56,No,13.034907597535934,1,store
College Graduate,Divorced,55635.0,235,65,164,50,49,27,4,7,3,7,6,0,52,No,13.856262833675565,1,web
PhD,Married,33454.0,76,10,56,3,1,23,2,4,0,4,8,0,38,No,13.374401095140314,1,web
PhD,Together,30351.0,14,0,24,3,3,2,1,3,0,2,9,0,49,Yes,13.295003422313483,1,web
PhD,Together,5648.0,28,0,6,1,1,13,1,1,0,0,20,0,73,Yes,12.528405201916495,2,web
High School,Married,7500.0,6,16,11,11,1,16,1,2,0,3,8,0,47,No,13.856262833675565,0,store
College Graduate,Divorced,63033.0,194,61,480,225,112,30,1,3,4,8,2,0,64,No,12.851471594798083,0,store
Master,Divorced,59354.0,233,2,53,3,5,14,3,6,1,5,6,0,71,No,12.851471594798083,2,web
College Graduate,Married,17323.0,3,14,17,6,1,5,1,1,0,3,8,0,36,No,13.949349760438055,0,store
PhD,Single,82800.0,1006,22,115,59,68,45,1,7,6,12,3,0,77,Yes,13.826146475017111,0,store
College Graduate,Married,41850.0,53,5,19,2,13,4,3,3,0,3,8,0,43,No,13.744010951403148,2,web
College Graduate,Together,37760.0,84,5,38,150,12,28,2,4,1,6,7,0,77,No,14.05886379192334,0,store
Master,Married,76995.0,1012,80,498,0,16,176,2,11,4,9,5,0,74,Yes,13.486652977412732,1,web
Technical School,Single,33812.0,4,17,19,30,24,39,2,2,1,3,6,0,38,No,13.883641341546886,1,store
College Graduate,Married,37040.0,86,2,73,69,38,48,1,4,2,5,8,0,41,No,14.121834360027378,0,store
College Graduate,Married,2447.0,1,1,1725,1,1,1,15,0,28,0,1,0,44,No,13.708418891170432,1,catalog
PhD,Married,58607.0,867,0,86,0,0,19,3,2,3,9,8,0,74,Yes,13.74674880219028,1,store
PhD,Married,65324.0,384,0,102,21,32,5,3,6,2,9,4,0,69,No,12.695414099931554,1,store
College Graduate,Together,40689.0,270,3,27,39,6,99,7,7,1,5,8,0,72,No,13.514031485284052,1,web
College Graduate,Single,18589.0,6,4,25,15,12,13,2,2,1,3,7,0,54,No,13.71937029431896,0,store
College Graduate,Married,53359.0,173,4,30,3,6,41,4,5,1,4,7,0,47,No,13.322381930184806,2,web
College Graduate,Married,38360.0,36,2,42,20,21,10,2,2,1,4,3,0,34,No,13.311430527036277,1,store
PhD,Married,84618.0,684,100,801,21,66,0,1,6,9,10,2,0,58,Yes,12.83230663928816,0,store
Master,Divorced,10979.0,8,4,10,2,2,4,2,3,0,3,5,0,34,No,12.336755646817249,0,web
Master,Together,38620.0,112,17,44,34,22,89,1,2,5,3,3,0,60,No,13.366187542778919,0,catalog
College Graduate,Together,40548.0,110,0,5,2,0,3,2,2,1,4,5,0,53,Yes,13.949349760438055,1,store
PhD,Divorced,46610.0,96,12,96,33,22,43,6,4,1,6,6,0,71,Yes,13.897330595482547,2,store
Master,Married,68657.0,482,34,471,119,68,22,1,3,5,9,7,0,77,No,13.585215605749486,0,store
Master,Single,49389.0,40,0,19,2,1,3,1,2,0,3,7,0,72,No,13.065023956194388,2,store
PhD,Married,67353.0,702,17,151,0,8,35,5,5,6,12,2,0,53,No,12.725530458590006,1,store
Technical School,Married,23718.0,6,3,14,15,7,36,3,3,1,2,7,0,47,No,13.05407255304586,1,web
College Graduate,Widow,42429.0,55,0,6,2,0,4,2,1,1,3,5,0,50,No,12.61054072553046,1,store
PhD,Divorced,48948.0,437,8,206,160,49,42,2,7,10,5,6,0,80,Yes,13.637234770704996,0,catalog
College Graduate,Married,80011.0,421,76,536,82,178,102,2,8,6,5,4,0,43,No,13.399041752224504,1,web
Master,Married,20559.0,13,1,29,3,0,7,2,2,0,3,8,0,38,No,13.530458590006845,1,store
College Graduate,Together,21994.0,9,0,6,3,1,3,1,0,0,3,5,0,66,No,13.744010951403148,1,store
Master,Married,7500.0,3,1,10,3,2,12,3,2,0,3,5,0,48,No,12.971937029431896,1,store
College Graduate,Single,79941.0,123,164,266,227,30,174,1,2,4,9,1,0,47,No,12.235455167693361,0,store
Technical School,Married,7500.0,3,18,14,15,22,50,3,3,1,3,9,0,27,Yes,13.867214236824093,0,web
College Graduate,Together,41728.0,13,6,15,3,5,13,1,2,0,2,10,0,55,No,13.330595482546201,1,web
PhD,Married,72550.0,826,50,317,50,38,38,9,5,2,12,8,0,69,No,13.869952087611225,2,store
College Graduate,Widow,65486.0,245,19,125,37,67,14,1,4,2,10,2,0,66,No,12.36413415468857,1,store
Master,Married,79143.0,650,37,780,27,167,32,1,6,9,13,3,0,59,No,14.113620807665983,0,store
College Graduate,Single,35790.0,12,6,20,30,1,3,2,2,0,3,7,0,46,No,13.71937029431896,1,store
College Graduate,Divorced,82582.0,510,120,550,156,40,241,1,4,9,7,1,0,46,Yes,12.292950034223136,0,catalog
College Graduate,Married,66373.0,328,9,124,12,24,109,7,4,2,10,3,0,45,No,13.27857631759069,2,store
Master,Together,82384.0,984,51,432,180,120,190,1,3,10,13,1,0,68,Yes,13.839835728952773,0,store
College Graduate,Divorced,70287.0,295,35,482,121,120,40,1,5,5,10,3,0,57,Yes,13.47296372347707,0,store
College Graduate,Single,27938.0,13,0,8,2,1,5,1,1,0,4,3,0,35,No,12.402464065708418,1,store
PhD,Married,55954.0,447,0,28,0,0,43,3,8,2,6,7,0,55,No,12.555783709787816,1,web
Master,Single,75777.0,712,26,538,69,13,80,1,3,6,11,1,0,41,Yes,13.218343600273785,0,store
College Graduate,Together,66653.0,452,18,102,16,18,6,4,4,2,12,3,0,48,No,14.039698836413416,2,store
College Graduate,Single,61823.0,523,7,134,37,14,169,4,8,2,10,7,0,71,No,13.59069130732375,1,store
PhD,Widow,67680.0,546,0,48,0,6,6,1,7,3,8,5,0,72,No,13.281314168377824,1,store
College Graduate,Together,70666.0,398,40,367,119,122,30,1,7,4,4,4,0,75,No,12.793976728268309,0,web
College Graduate,Married,25721.0,1,3,6,3,6,15,1,1,1,2,7,0,52,Yes,13.338809034907598,1,store
College Graduate,Together,32474.0,10,0,1,0,0,0,1,1,0,2,7,0,56,No,12.366872005475702,2,store
Technical School,Single,88194.0,688,14,309,201,24,38,1,11,10,10,5,0,44,Yes,12.511978097193703,1,web
College Graduate,Together,69096.0,247,49,159,7,82,109,1,5,2,10,4,0,65,No,12.985626283367557,1,store
College Graduate,Together,74854.0,856,59,487,58,29,73,7,2,5,5,5,0,53,No,13.456536618754278,3,catalog
Master,Married,66991.0,496,36,460,189,60,12,3,4,8,6,3,0,69,No,14.028747433264886,0,catalog
College Graduate,Married,65031.0,258,107,291,84,37,86,4,10,3,13,7,0,64,No,13.516769336071183,1,store
PhD,Married,60631.0,565,6,65,0,6,19,5,9,2,8,7,0,48,Yes,13.464750171115675,2,web
College Graduate,Married,28332.0,14,10,13,4,15,9,1,2,1,4,2,0,71,No,12.396988364134154,0,store
College Graduate,Divorced,40246.0,2,1,6,2,1,1,1,1,0,2,6,0,46,No,13.757700205338809,1,store
Master,Married,75251.0,721,111,925,97,18,18,1,7,6,5,5,0,51,Yes,14.069815195071868,0,web
College Graduate,Single,75825.0,1032,105,779,137,105,51,0,5,8,9,4,0,47,Yes,13.943874058863791,0,store
Technical School,Together,26326.0,1,0,5,0,3,9,1,0,0,3,3,1,47,No,13.048596851471595,0,store
College Graduate,Together,56046.0,577,0,64,0,0,51,2,10,1,8,8,0,58,Yes,13.71937029431896,0,web
College Graduate,Single,29760.0,64,4,68,7,5,17,4,3,1,4,8,0,38,No,14.064339493497604,1,store
College Graduate,Married,26304.0,4,1,5,2,0,4,1,1,0,2,7,0,54,No,13.248459958932239,1,store
Technical School,Married,23559.0,25,5,19,7,0,23,3,3,0,3,7,0,50,No,13.221081451060916,1,web
Master,Together,38620.0,112,17,44,34,22,89,1,2,5,3,3,0,60,No,13.366187542778919,0,catalog
College Graduate,Divorced,81361.0,163,23,424,27,65,76,1,3,10,13,1,0,36,No,12.572210814510608,0,store
College Graduate,Married,29440.0,17,8,14,10,4,3,2,1,0,4,7,0,63,No,13.114305270362765,2,store
Master,Married,36138.0,130,0,16,0,0,5,5,3,1,4,7,0,53,Yes,13.1854893908282,2,store
College Graduate,Single,50388.0,292,6,37,0,3,34,4,6,1,6,7,0,66,Yes,12.320328542094456,1,web
College Graduate,Married,79593.0,350,60,568,110,133,145,1,5,6,7,2,0,50,Yes,12.36413415468857,0,store
College Graduate,Together,54178.0,135,9,39,4,0,7,1,2,2,5,2,0,56,No,12.668035592060233,1,store
Master,Single,42394.0,15,2,10,0,1,4,1,1,0,3,7,0,51,No,12.501026694045175,1,store
PhD,Married,23626.0,27,2,14,0,0,0,3,3,1,3,5,0,53,No,12.331279945242985,1,web
College Graduate,Married,30096.0,5,3,11,12,5,9,1,2,0,3,6,0,40,No,12.336755646817249,1,store
College Graduate,Widow,47916.0,505,0,26,0,0,75,5,7,4,6,6,0,63,Yes,13.831622176591376,1,web
College Graduate,Divorced,51813.0,51,2,7,0,1,2,2,2,0,3,7,0,51,No,13.44832306639288,2,store
Technical School,Married,78497.0,207,26,447,75,0,223,1,5,7,12,2,0,72,Yes,12.80766598220397,0,store
PhD,Married,50150.0,135,46,92,65,61,11,2,5,2,7,5,0,40,No,13.256673511293634,0,store
Technical School,Single,47823.0,53,1,5,2,1,10,2,2,0,3,8,0,63,No,13.166324435318275,1,store
PhD,Single,34554.0,41,1,6,2,0,5,2,2,0,3,6,0,64,No,12.48186173853525,1,store
College Graduate,Together,85693.0,386,172,183,185,132,111,2,9,5,11,5,0,44,No,13.423682409308693,1,store
PhD,Married,65846.0,562,81,276,80,40,81,1,6,3,6,4,0,78,No,13.349760438056126,0,web
College Graduate,Married,87195.0,217,76,690,50,26,38,1,3,11,5,1,0,64,Yes,12.375085557837098,0,catalog
High School,Together,24594.0,1,3,6,10,0,9,1,1,0,3,5,0,44,No,12.78302532511978,1,store
College Graduate,Married,49096.0,144,1,32,2,1,7,4,4,1,4,7,0,59,No,12.993839835728952,2,web
College Graduate,Married,52413.0,295,106,271,75,98,65,4,6,4,12,6,0,54,No,13.634496919917865,2,store
College Graduate,Single,38557.0,76,3,31,4,4,27,2,3,1,3,7,0,45,No,13.757700205338809,1,web
Master,Married,89058.0,454,194,106,31,22,43,1,5,4,4,2,0,63,No,13.790554414784394,0,web
College Graduate,Together,77298.0,425,115,292,23,35,79,1,6,6,11,3,0,44,No,12.8870636550308,1,store
PhD,Single,68126.0,1332,17,311,23,51,86,1,7,4,5,9,0,32,Yes,13.86447638603696,0,web
Master,Together,57288.0,527,0,21,0,0,60,3,8,1,8,6,0,60,Yes,12.243668720054757,1,web
College Graduate,Single,86037.0,490,44,125,29,20,22,1,6,7,11,3,0,32,Yes,13.71937029431896,0,store
PhD,Married,43974.0,378,0,101,0,0,72,5,6,4,6,7,0,43,No,13.776865160848734,1,web
College Graduate,Single,50785.0,64,1,21,0,1,27,2,2,1,3,6,0,61,No,13.032169746748803,2,store
College Graduate,Married,90765.0,547,99,812,151,82,33,0,4,6,5,1,0,53,Yes,12.659822039698836,0,catalog
Technical School,Married,36550.0,47,90,94,123,103,120,5,9,1,5,9,0,45,No,13.587953456536619,1,web
Technical School,Together,30753.0,12,5,25,0,9,30,2,1,1,3,5,0,56,No,13.19917864476386,2,store
College Graduate,Together,21918.0,1,6,7,11,5,3,2,2,0,3,6,0,54,No,12.854209445585216,1,store
Master,Together,56129.0,320,48,133,39,72,48,4,6,2,10,4,0,70,No,13.256673511293634,1,store
Master,Single,32557.0,34,3,29,0,4,10,3,2,1,3,5,0,56,Yes,12.574948665297741,1,store
Master,Married,19510.0,9,0,7,3,4,7,2,1,0,3,7,0,38,No,13.048596851471595,2,store
College Graduate,Divorced,30992.0,17,0,14,7,3,2,1,1,0,3,7,0,47,No,13.418206707734429,1,store
College Graduate,Single,101970.0,722,27,102,44,72,168,0,6,8,13,2,0,40,Yes,13.530458590006845,0,store
Technical School,Together,71488.0,162,33,124,40,28,172,2,3,4,7,1,0,58,No,13.59069130732375,0,store
College Graduate,Single,79607.0,450,133,951,173,0,216,1,3,6,6,1,0,39,Yes,13.42094455852156,0,catalog
Master,Married,54348.0,70,0,16,0,0,4,2,2,0,4,6,0,70,No,12.290212183436003,2,store
PhD,Together,77376.0,492,19,110,16,12,12,4,6,3,10,4,0,67,No,12.369609856262834,2,store
College Graduate,Married,62998.0,120,58,73,65,89,58,5,5,4,5,5,0,71,No,12.97741273100616,1,web
Master,Single,61331.0,534,5,47,0,5,41,5,11,1,6,8,0,65,No,13.535934291581109,2,web
College Graduate,Married,73448.0,236,106,189,23,41,130,1,7,2,9,4,0,54,No,12.61327857631759,0,store
PhD,Married,41551.0,220,0,33,3,0,23,5,5,1,5,8,0,59,No,13.10609171800137,2,web
PhD,Together,62981.0,796,14,590,38,44,0,1,4,5,13,3,0,56,Yes,13.516769336071183,0,store
High School,Divorced,9548.0,0,1,3,10,6,9,2,1,0,3,8,0,47,No,14.121834360027378,1,store
PhD,Married,33762.0,53,1,34,2,0,16,3,2,2,2,8,0,64,No,13.210130047912388,3,web
PhD,Single,35860.0,15,0,8,4,2,20,2,1,1,2,5,0,50,Yes,12.344969199178644,2,store
PhD,Divorced,36921.0,17,1,12,3,1,4,2,2,0,3,7,0,58,No,13.152635181382614,2,store
Master,Single,92859.0,962,61,921,52,61,20,1,5,4,12,2,0,31,No,13.924709103353868,0,store
Master,Together,65104.0,738,0,232,13,20,50,2,3,5,7,7,0,47,Yes,12.854209445585216,1,store
College Graduate,Married,86111.0,399,28,756,36,40,126,1,5,7,10,2,0,61,No,13.426420260095824,0,store
PhD,Single,68352.0,614,16,132,43,33,33,3,8,5,9,6,0,49,No,13.067761806981519,1,store
College Graduate,Together,41883.0,32,34,41,73,16,116,3,4,2,3,7,0,35,No,13.51129363449692,1,web
College Graduate,Married,59809.0,598,16,141,32,41,49,3,3,3,6,8,0,47,No,13.927446954140999,2,store
College Graduate,Married,23957.0,2,1,18,20,11,16,1,2,0,3,6,0,48,Yes,13.900068446269678,1,store
College Graduate,Together,38547.0,6,1,10,0,1,4,1,1,0,2,8,1,42,No,13.067761806981519,1,store
Technical School,Married,35688.0,73,3,90,12,1,32,7,4,1,4,8,0,50,No,14.08350444900753,3,web
Master,Married,49605.0,42,16,29,12,20,8,1,2,1,4,3,0,57,No,12.254620123203285,0,store
Master,Married,59354.0,295,21,78,39,13,13,1,4,4,7,3,0,70,No,12.413415468856947,2,store
College Graduate,Married,65747.0,346,17,48,23,13,13,4,8,1,6,6,0,54,Yes,12.544832306639288,1,web
Technical School,Together,46344.0,233,20,57,8,20,91,4,7,1,5,7,0,51,No,13.77138945927447,1,web
College Graduate,Single,34176.0,5,7,24,19,14,20,4,3,0,4,6,0,35,No,12.36413415468857,1,store
PhD,Together,61010.0,888,0,57,0,0,76,2,8,5,11,5,0,71,No,13.952087611225188,1,store
College Graduate,Together,69372.0,997,26,269,34,13,42,1,10,4,6,4,0,74,Yes,13.587953456536619,0,web
College Graduate,Single,49967.0,212,6,69,4,12,3,3,6,1,5,7,0,65,No,13.207392197125257,1,web
College Graduate,Single,60199.0,8,1,7,2,0,0,1,0,0,3,4,0,45,No,13.026694045174539,3,store
College Graduate,Together,55375.0,42,11,57,10,28,14,1,1,1,6,2,0,46,No,12.930869267624914,1,store
College Graduate,Single,80317.0,536,11,387,149,91,57,1,3,4,10,1,0,68,No,13.089664613278575,0,store
Master,Single,30523.0,5,0,3,0,0,5,1,1,0,2,7,0,65,No,13.22655715263518,3,store
PhD,Married,70356.0,1349,16,249,43,16,33,2,10,6,9,6,0,78,No,13.878165639972622,0,web
College Graduate,Married,23228.0,53,3,49,7,4,5,4,3,0,4,8,0,39,No,12.711841204654347,1,store
PhD,Divorced,74165.0,1001,12,240,16,12,12,1,5,4,10,2,0,48,No,13.39356605065024,0,store
PhD,Married,157243.0,20,2,1582,1,2,1,15,0,22,0,0,0,50,No,12.56125941136208,1,catalog
College Graduate,Together,43482.0,18,1,32,6,3,28,3,2,0,4,6,0,57,No,12.856947296372347,3,store
College Graduate,Divorced,62551.0,125,16,98,134,21,27,1,6,7,4,3,0,70,Yes,12.843258042436688,0,catalog
College Graduate,Divorced,52332.0,212,5,33,7,0,2,1,3,2,6,4,0,64,Yes,13.067761806981519,0,store
College Graduate,Single,66951.0,277,162,305,173,76,124,1,3,4,7,1,0,35,No,12.8870636550308,0,store
College Graduate,Together,26091.0,15,10,19,8,17,20,3,2,1,3,5,0,66,No,12.572210814510608,2,store
College Graduate,Together,33456.0,7,3,10,8,1,7,2,1,0,3,7,0,58,No,12.421629021218344,2,store
College Graduate,Married,28718.0,12,4,6,11,8,16,2,2,0,3,8,0,41,No,13.193702943189596,1,store
College Graduate,Married,50447.0,85,7,24,2,3,27,1,3,1,3,6,0,53,No,12.421629021218344,2,web
PhD,Together,53537.0,81,0,6,0,0,6,2,2,1,3,5,0,64,No,12.643394934976044,2,store
College Graduate,Single,52074.0,59,0,12,0,0,48,1,2,2,2,4,0,56,Yes,12.46817248459959,1,web
PhD,Married,80427.0,1149,71,449,69,71,26,1,11,8,8,5,0,48,No,14.026009582477755,1,web
PhD,Married,83837.0,847,66,119,86,89,111,1,9,10,5,4,0,75,Yes,13.765913757700206,0,catalog
PhD,Married,38853.0,29,0,14,0,0,2,2,2,0,3,7,0,53,No,12.334017796030116,2,store
College Graduate,Together,38285.0,2,0,5,2,0,1,1,0,0,3,2,0,64,No,12.24640657084189,3,store
Technical School,Married,78497.0,207,26,447,75,0,223,1,5,7,12,2,0,72,Yes,12.80766598220397,0,store
PhD,Married,51650.0,152,3,22,2,5,7,1,4,1,4,5,0,47,No,12.366872005475702,1,web
Technical School,Married,16248.0,12,11,10,3,12,9,3,2,1,3,6,0,35,No,12.369609856262834,1,store
Master,Married,66835.0,620,26,195,34,17,141,1,6,4,13,2,0,77,No,12.982888432580424,0,store
Master,Married,30477.0,47,1,6,0,0,12,1,1,1,3,6,0,39,No,12.6652977412731,1,store
High School,Married,28249.0,1,9,7,2,14,10,1,2,0,3,6,0,62,No,12.271047227926077,0,store
College Graduate,Married,25271.0,10,1,18,10,4,7,1,1,1,2,9,0,40,No,13.796030116358658,1,store
PhD,Single,32303.0,35,0,2,0,0,2,2,1,0,4,5,0,53,No,12.542094455852157,1,store
College Graduate,Married,61286.0,356,0,107,19,9,117,2,7,1,8,5,0,57,No,13.138945927446954,1,store
College Graduate,Married,74068.0,783,30,537,140,76,15,1,4,10,9,2,0,47,No,13.51129363449692,0,catalog
PhD,Married,45759.0,42,1,18,3,0,4,2,2,0,3,7,0,59,No,13.57700205338809,2,store
High School,Together,24882.0,1,4,10,29,0,36,1,1,1,2,6,0,45,Yes,14.03422313483915,1,store
PhD,Together,66973.0,466,22,432,147,113,102,1,8,7,12,3,0,34,No,13.349760438056126,0,store
College Graduate,Married,38872.0,23,3,21,3,19,22,2,3,0,3,8,0,35,No,13.314168377823409,1,web
College Graduate,Married,51148.0,235,6,45,8,9,12,4,5,1,6,6,0,50,No,13.59069130732375,2,store
College Graduate,Married,31353.0,10,0,10,3,1,7,2,1,1,2,8,0,46,No,12.731006160164272,2,store
Master,Married,69661.0,656,16,106,32,16,8,1,7,3,12,3,0,43,No,12.361396303901437,0,store
College Graduate,Married,80067.0,519,17,813,27,173,51,1,4,6,6,2,0,69,Yes,13.007529089664613,0,catalog
College Graduate,Married,86718.0,344,189,482,50,33,172,1,5,6,5,2,0,69,No,13.678302532511978,0,catalog
PhD,Single,46854.0,96,1,79,7,1,79,6,5,1,3,8,0,50,Yes,12.479123887748118,2,web
College Graduate,Divorced,69142.0,448,4,34,6,4,39,3,8,1,7,5,0,71,Yes,12.232717316906228,1,web
College Graduate,Single,75922.0,265,138,553,224,23,92,1,4,4,9,1,0,55,No,12.785763175906913,0,store
College Graduate,Divorced,63693.0,587,43,337,42,87,54,3,11,6,9,6,0,45,No,12.93908281998631,1,web
PhD,Together,102160.0,763,29,138,76,176,58,0,7,9,10,4,0,46,Yes,13.886379192334017,0,store
PhD,Single,40637.0,22,0,13,0,0,3,2,1,0,3,7,0,58,No,13.182751540041068,2,store
Master,Single,18890.0,6,4,1,7,2,15,1,0,1,2,6,0,39,Yes,13.86447638603696,0,store
College Graduate,Together,29604.0,7,6,13,7,6,14,1,1,0,3,9,0,35,Yes,12.788501026694044,1,store
Master,Divorced,48721.0,81,18,113,47,13,21,6,4,2,5,6,0,60,No,13.360711841204655,2,store
College Graduate,Married,44794.0,54,0,7,0,0,4,1,2,0,3,6,0,57,No,12.290212183436003,1,store
College Graduate,Divorced,64497.0,1170,48,320,42,32,192,5,11,4,9,8,0,69,Yes,14.03148528405202,1,web
College Graduate,Together,46097.0,72,24,68,65,4,8,5,3,1,6,4,0,67,No,13.478439425051334,1,store
College Graduate,Together,77972.0,613,22,319,33,102,12,1,4,6,9,1,0,69,No,12.514715947980836,0,store
PhD,Married,44377.0,224,0,30,0,0,10,8,5,1,5,8,0,55,No,13.963039014373717,2,web
Master,Together,46014.0,410,0,59,19,9,44,10,7,1,8,7,0,49,No,13.66735112936345,2,store
College Graduate,Married,70951.0,239,10,554,254,87,54,1,3,4,9,1,0,38,No,13.385352498288844,0,store
College Graduate,Married,41443.0,171,7,171,25,19,89,6,8,1,5,8,0,46,No,12.476386036960985,1,web
Technical School,Single,52195.0,12,0,4,0,0,1,1,1,0,2,8,0,45,No,12.36413415468857,3,store
Master,Married,83790.0,1076,16,417,42,48,16,1,8,10,6,3,0,75,Yes,12.851471594798083,0,catalog
Master,Widow,44551.0,182,4,33,0,0,66,2,4,1,5,7,0,69,No,13.059548254620124,1,store
College Graduate,Together,69508.0,824,32,162,42,32,43,2,11,4,11,6,0,43,No,13.853524982888432,1,web
Technical School,Together,45204.0,30,11,25,29,1,18,1,1,1,4,3,0,35,No,12.449007529089664,1,store
College Graduate,Married,72460.0,377,10,540,80,30,10,1,3,5,7,1,0,54,No,12.854209445585216,0,store
PhD,Together,77622.0,520,7,154,19,0,14,2,6,3,11,3,0,53,No,12.44079397672827,2,store
PhD,Married,30732.0,155,1,25,0,1,3,4,4,1,4,8,0,43,No,13.711156741957563,1,web
College Graduate,Divorced,63887.0,897,23,207,15,11,92,5,9,6,12,6,0,61,No,14.036960985626283,1,store
College Graduate,Together,42011.0,131,0,16,2,1,39,4,3,1,4,8,0,45,No,13.492128678986996,1,store
College Graduate,Together,51369.0,297,7,79,0,11,182,2,8,2,4,8,0,47,No,13.908281998631075,1,web
College Graduate,Divorced,51537.0,787,20,204,0,0,92,3,2,2,11,8,0,71,No,13.78507871321013,1,store
PhD,Married,79930.0,792,86,740,67,51,17,1,3,5,8,2,0,51,No,14.121834360027378,0,store
PhD,Together,34320.0,4,1,9,3,0,0,1,1,0,2,8,0,37,No,12.596851471594798,1,store
College Graduate,Single,37070.0,231,7,137,4,15,39,9,5,1,8,7,0,57,Yes,13.508555783709788,2,store
Technical School,Divorced,81975.0,983,76,184,180,138,27,1,6,3,4,7,0,61,Yes,13.711156741957563,1,web
College Graduate,Together,38590.0,3,1,8,4,3,3,1,1,0,2,8,0,52,No,13.35523613963039,1,store
College Graduate,Single,15033.0,0,4,5,6,0,4,1,1,0,3,3,0,72,No,12.435318275154003,0,store
PhD,Married,62745.0,562,21,464,28,10,32,3,7,8,11,5,0,58,No,13.500342231348391,1,store
Technical School,Married,22212.0,5,9,20,6,8,21,2,2,0,4,6,0,48,No,12.785763175906913,1,store
Master,Together,23661.0,18,0,4,0,0,1,1,1,0,3,7,0,41,No,12.799452429842573,1,store
PhD,Single,79761.0,415,5,124,15,35,11,1,5,2,11,3,0,65,No,12.966461327857632,1,store
College Graduate,Single,7500.0,5,3,10,12,7,20,4,3,1,3,7,0,50,No,12.739219712525667,1,web
College Graduate,Widow,73455.0,901,61,757,186,163,20,1,6,5,10,3,0,55,Yes,12.900752908966462,0,store
College Graduate,Together,64961.0,382,114,276,75,124,38,2,6,4,4,3,0,65,No,13.74674880219028,1,web
College Graduate,Single,22804.0,14,1,7,2,1,1,1,2,0,2,9,0,52,No,13.144421629021219,1,web
College Graduate,Married,73687.0,559,153,503,218,13,181,1,3,9,9,2,0,33,Yes,12.815879534565367,0,catalog
College Graduate,Married,61074.0,789,0,133,0,28,152,7,11,5,8,7,0,65,No,14.097193702943189,1,web
PhD,Married,31686.0,11,0,5,0,0,1,2,1,0,3,6,0,59,No,12.2984257357974,2,store
College Graduate,Married,80134.0,1218,16,272,104,0,80,2,5,3,6,6,0,51,Yes,13.34154688569473,1,store
College Graduate,Married,75027.0,925,64,179,133,12,77,2,9,4,6,5,0,70,No,13.700205338809035,1,web
PhD,Married,67546.0,864,134,768,150,38,172,1,4,10,5,3,0,35,No,14.05886379192334,0,catalog
Master,Together,65176.0,960,28,183,220,70,70,4,9,6,6,6,0,54,No,13.897330595482547,1,web
Master,Single,31160.0,16,3,25,6,1,13,2,2,0,3,8,0,48,No,13.015742642026009,1,store
College Graduate,Single,29938.0,3,3,7,0,2,11,2,1,0,3,6,0,38,No,12.903490759753593,1,store
College Graduate,Divorced,102692.0,168,148,444,32,172,148,1,6,9,13,2,0,49,Yes,13.464750171115675,0,store
Technical School,Together,26490.0,45,47,52,21,20,25,2,3,1,5,6,0,65,No,13.998631074606434,0,store
College Graduate,Together,75702.0,650,28,353,45,42,30,5,4,6,11,8,0,56,No,14.064339493497604,2,store
PhD,Single,30899.0,24,0,8,0,0,1,2,1,0,3,6,0,49,No,13.94113620807666,1,store
PhD,Together,63342.0,918,21,118,13,10,21,3,8,3,5,6,0,62,Yes,13.932922655715263,1,web
College Graduate,Single,45989.0,138,33,87,28,24,12,4,3,2,7,3,0,59,No,13.91649555099247,1,store
College Graduate,Single,18701.0,12,4,2,10,6,10,4,2,0,4,5,0,59,No,13.300479123887747,2,store
PhD,Single,40737.0,11,0,4,0,0,2,1,1,0,2,8,0,66,No,12.788501026694044,3,store
College Graduate,Divorced,15287.0,1,2,8,4,3,13,2,1,1,2,7,0,44,Yes,13.949349760438055,1,store
PhD,Divorced,69674.0,554,41,215,11,0,24,3,10,2,10,5,0,55,No,13.336071184120465,2,web
Master,Married,44159.0,167,2,62,24,13,7,4,4,1,6,5,0,53,No,12.265571526351813,1,store
PhD,Married,37717.0,9,0,6,4,1,5,1,1,0,2,9,0,45,No,13.828884325804244,1,store
Master,Together,43776.0,177,2,71,3,2,20,6,5,2,4,8,0,71,Yes,13.631759069130732,2,web
Master,Married,38179.0,38,4,22,4,2,20,4,3,1,3,7,0,57,No,13.52498288843258,2,web
College Graduate,Married,80124.0,483,84,398,205,84,241,1,3,7,8,1,0,60,Yes,12.240930869267626,0,store
PhD,Married,38097.0,77,2,35,0,1,69,4,3,2,2,7,0,53,Yes,13.935660506502396,2,web
College Graduate,Married,72940.0,182,74,298,162,149,116,1,3,3,6,1,0,53,No,13.259411362080767,0,store
College Graduate,Together,22070.0,10,7,19,8,2,21,2,2,2,2,6,0,53,No,12.966461327857632,1,web
College Graduate,Single,69267.0,778,44,499,95,73,146,2,3,4,5,7,0,70,Yes,13.998631074606434,0,store
Master,Single,31788.0,16,7,23,0,8,6,3,3,0,4,5,1,40,No,12.509240246406572,1,store
PhD,Together,61905.0,167,0,43,6,2,13,2,4,2,4,5,0,48,No,12.629705681040383,1,web
College Graduate,Married,29315.0,13,2,14,8,7,4,4,2,0,4,6,0,63,No,12.462696783025326,2,store
College Graduate,Divorced,33378.0,33,6,40,3,7,10,3,2,0,4,7,0,60,No,13.623545516769337,2,store
PhD,Together,66313.0,625,7,99,10,22,7,2,6,3,12,4,0,60,No,13.015742642026009,1,store
College Graduate,Single,60714.0,216,162,224,101,92,162,2,7,4,10,5,0,67,Yes,13.678302532511978,0,store
Master,Together,77882.0,68,129,396,188,22,15,1,3,3,5,1,0,42,No,12.396988364134154,0,store
PhD,Single,69867.0,196,0,512,33,130,54,1,3,5,8,1,0,37,Yes,13.47296372347707,0,store
Master,Divorced,63841.0,635,15,100,20,7,131,1,9,3,9,6,0,55,No,13.42094455852156,1,web
High School,Married,24480.0,4,19,9,28,25,17,3,3,0,4,7,0,42,No,13.609856262833675,1,store
College Graduate,Together,51369.0,297,7,79,0,11,182,2,8,2,4,8,0,47,No,13.908281998631075,1,web
College Graduate,Together,37760.0,84,5,38,150,12,28,2,4,1,6,7,0,77,No,14.05886379192334,0,store
PhD,Together,65640.0,204,7,149,20,15,66,1,5,1,8,2,0,49,No,12.56125941136208,1,store
Master,Married,44319.0,26,0,8,0,0,3,2,2,0,3,5,0,48,No,12.432580424366872,2,store
College Graduate,Married,30631.0,15,6,20,4,5,20,1,3,1,2,7,0,49,No,13.196440793976729,1,web
College Graduate,Together,75278.0,304,98,230,150,74,74,1,6,3,13,3,0,71,No,13.645448323066393,0,store
Master,Together,50898.0,285,28,242,55,114,135,13,6,2,12,5,0,67,No,13.702943189596168,2,store
College Graduate,Widow,79946.0,395,183,565,166,141,28,1,5,11,5,3,0,57,No,12.36413415468857,0,catalog
Master,Divorced,35416.0,248,3,81,4,3,51,3,7,1,5,8,0,74,No,13.27583846680356,0,web
Technical School,Together,32414.0,20,6,5,0,9,12,1,1,0,3,7,0,39,Yes,13.218343600273785,0,store
College Graduate,Together,38361.0,39,0,56,20,8,14,3,3,1,3,7,0,54,No,12.736481861738536,1,web
College Graduate,Married,82497.0,777,129,573,216,21,203,1,2,7,9,4,0,43,Yes,13.891854893908283,0,store
College Graduate,Together,16626.0,8,3,22,21,1,13,3,3,0,3,9,0,52,No,12.684462696783026,2,web
College Graduate,Together,29672.0,9,1,3,0,4,8,1,0,0,3,6,0,58,No,13.530458590006845,2,store
Master,Together,55951.0,1241,0,80,0,13,40,3,3,6,11,8,0,71,Yes,14.080766598220396,1,store
Technical School,Divorced,35388.0,6,4,7,4,3,8,1,1,0,3,7,0,35,No,13.544147843942506,1,store
Master,Together,42386.0,65,4,16,0,4,11,1,3,0,3,8,0,37,No,13.689253935660506,1,web
College Graduate,Single,68627.0,395,15,263,60,54,38,1,2,3,6,1,0,41,No,13.69199178644764,0,store
PhD,Divorced,57912.0,801,0,80,0,0,35,5,8,3,12,5,0,58,Yes,12.517453798767967,1,store
College Graduate,Divorced,35246.0,36,0,12,2,2,10,4,3,1,3,5,0,65,No,12.435318275154003,2,web
Technical School,Together,58821.0,513,14,154,19,0,28,1,9,2,9,6,0,67,No,12.944558521560575,1,web
PhD,Married,46377.0,37,0,46,4,3,0,1,2,1,3,4,0,45,No,12.56125941136208,1,store
College Graduate,Single,39747.0,80,15,93,20,13,52,3,5,1,4,8,0,35,No,12.4435318275154,1,web
College Graduate,Together,23976.0,14,1,21,2,3,25,3,3,1,3,7,0,39,No,12.736481861738536,1,web
Master,Married,80950.0,525,147,112,219,147,63,1,6,7,9,2,0,62,Yes,13.486652977412732,0,store
College Graduate,Widow,27038.0,1,26,25,17,23,15,1,3,0,3,9,0,57,Yes,14.009582477754963,0,web
College Graduate,Single,77457.0,675,11,400,15,45,11,1,2,5,10,1,0,76,Yes,12.550308008213552,0,store
Master,Married,64100.0,509,0,27,0,0,10,1,8,3,6,7,0,59,Yes,13.032169746748803,1,web
Master,Together,42670.0,154,2,46,20,4,15,1,4,2,4,4,0,31,No,13.404517453798768,0,web
College Graduate,Divorced,12571.0,3,5,14,2,12,17,4,3,1,3,6,0,47,No,12.676249144421629,1,web
College Graduate,Married,22574.0,25,0,8,2,0,2,2,2,0,3,7,0,56,No,12.900752908966462,3,store
Master,Single,70893.0,768,44,561,77,44,14,1,6,6,10,3,0,47,No,13.623545516769337,0,store
College Graduate,Married,54198.0,185,0,28,3,2,17,6,3,1,6,4,0,57,No,12.763860369609857,2,store
Master,Together,28839.0,24,0,7,0,0,1,2,2,0,3,5,0,67,No,12.53388090349076,2,store
College Graduate,Married,40321.0,44,4,21,6,0,27,2,3,0,3,7,0,51,No,13.149897330595483,2,web
College Graduate,Single,66503.0,91,64,128,65,3,50,2,4,3,6,3,0,38,No,14.105407255304586,1,store
College Graduate,Married,30833.0,11,0,7,3,1,6,2,1,0,3,5,0,72,No,13.1854893908282,2,store
College Graduate,Married,64795.0,412,5,119,38,29,77,3,3,3,12,2,0,52,No,13.678302532511978,1,store
College Graduate,Married,34421.0,3,3,7,6,2,9,1,1,0,2,7,0,49,No,13.22655715263518,1,store
PhD,Divorced,47025.0,16,0,3,0,0,1,1,1,0,2,7,0,58,No,12.616016427104723,2,store
PhD,Divorced,64325.0,731,60,353,78,12,73,5,10,3,5,7,0,62,No,13.620807665982204,1,web
College Graduate,Single,40464.0,424,17,118,7,23,41,6,8,2,8,8,0,70,No,13.69472963723477,1,web
College Graduate,Married,62187.0,792,0,275,45,45,126,1,4,8,5,3,0,66,No,13.215605749486652,0,catalog
PhD,Divorced,14849.0,21,2,28,3,2,9,3,2,0,4,8,0,47,No,13.22381930184805,1,store
College Graduate,Married,27255.0,22,1,11,0,1,2,1,1,0,3,7,0,39,No,12.873374401095141,1,store
PhD,Married,54432.0,33,0,5,0,0,0,1,1,0,3,4,0,73,No,13.371663244353183,3,store
PhD,Single,29999.0,68,7,59,10,5,11,4,3,1,4,8,0,37,No,13.604380561259411,1,store
College Graduate,Single,24072.0,9,1,6,3,0,4,1,1,0,2,8,0,40,No,13.434633812457221,1,store
PhD,Single,33996.0,40,2,15,8,0,6,1,1,1,3,4,0,34,No,13.02943189596167,0,store
PhD,Married,66334.0,909,11,218,0,0,23,2,9,3,5,5,0,67,Yes,13.470225872689939,1,web
Master,Married,35178.0,23,1,13,2,2,18,1,1,1,2,7,0,52,Yes,13.697467488021903,1,store
College Graduate,Together,22010.0,11,2,9,3,0,8,2,2,0,3,8,0,40,No,13.229295003422314,1,store
College Graduate,Divorced,62204.0,317,46,247,151,46,139,1,4,5,12,3,0,63,No,14.026009582477755,2,store
College Graduate,Divorced,75693.0,797,153,293,72,97,30,1,11,4,6,4,0,55,Yes,13.793292265571527,0,web
College Graduate,Married,30675.0,10,2,16,11,2,21,1,1,0,3,8,0,51,No,13.859000684462696,1,store
College Graduate,Together,83003.0,856,61,570,40,25,122,1,7,6,8,3,0,58,Yes,13.555099247091034,0,store
College Graduate,Single,68655.0,456,19,832,75,118,38,1,4,5,11,3,0,35,No,14.116358658453114,0,store
College Graduate,Divorced,41411.0,37,32,38,11,3,18,1,2,1,4,6,0,37,No,12.791238877481177,0,store
PhD,Married,55212.0,1103,0,45,0,0,34,3,4,2,11,8,0,54,Yes,13.828884325804244,1,store
PhD,Together,59292.0,378,14,68,19,14,14,2,3,5,8,3,0,73,No,13.27583846680356,1,store
High School,Together,27190.0,1,6,7,0,1,3,1,1,0,2,8,0,50,Yes,13.103353867214237,1,store
College Graduate,Divorced,82623.0,204,34,204,172,153,173,1,2,9,4,1,0,71,No,12.865160848733744,0,catalog
College Graduate,Married,44300.0,30,0,9,0,0,3,2,1,0,3,6,0,58,No,13.248459958932239,2,store
College Graduate,Divorced,84835.0,189,104,379,111,189,218,1,4,4,6,1,0,53,Yes,12.268309377138946,0,store
College Graduate,Widow,30372.0,15,0,12,7,3,7,3,2,0,3,7,0,52,No,13.741273100616016,2,store
Master,Married,33181.0,9,0,3,0,0,4,1,1,0,2,6,0,47,Yes,12.71731690622861,1,store
College Graduate,Married,71113.0,495,33,255,11,33,8,4,6,7,9,4,0,66,No,12.763860369609857,1,store
College Graduate,Married,71952.0,656,80,455,52,107,93,2,8,4,8,4,0,37,Yes,13.697467488021903,1,web
PhD,Single,69759.0,452,20,514,13,30,0,3,4,6,5,3,0,57,Yes,12.900752908966462,0,catalog
College Graduate,Married,72099.0,546,91,410,119,0,22,1,3,4,10,1,0,49,No,13.902806297056811,0,store
PhD,Single,60000.0,1048,0,217,0,0,12,5,11,3,5,6,0,47,No,13.749486652977414,1,web
College Graduate,Single,38643.0,22,2,14,0,1,10,2,2,0,3,7,1,45,No,12.813141683778234,2,store
College Graduate,Married,50737.0,78,0,11,0,0,10,1,2,0,4,6,0,68,Yes,13.366187542778919,1,store
PhD,Married,68462.0,561,64,785,84,128,48,1,3,3,8,1,0,54,No,13.776865160848734,0,store
Master,Married,65073.0,629,17,177,69,0,8,1,5,3,5,2,1,80,No,13.089664613278575,0,web
PhD,Together,46681.0,269,15,69,15,19,38,2,4,6,4,5,0,75,No,12.955509924709103,2,catalog
College Graduate,Married,78618.0,736,163,818,212,163,61,1,4,7,10,2,0,66,Yes,13.982203969883642,0,store
PhD,Widow,62187.0,512,0,83,0,0,41,3,6,2,10,4,0,54,No,12.503764544832306,1,store
College Graduate,Married,28442.0,19,3,10,11,8,6,3,2,1,4,4,0,45,No,12.574948665297741,2,store
PhD,Married,37717.0,9,0,6,4,1,5,1,1,0,2,9,0,45,No,13.828884325804244,1,store
College Graduate,Married,51479.0,247,8,160,6,8,65,7,6,3,6,7,0,56,No,13.73305954825462,2,web
College Graduate,Single,54803.0,404,0,92,28,27,142,2,6,2,9,4,0,54,No,14.08624229979466,1,store
College Graduate,Married,79530.0,333,0,815,129,42,29,1,4,10,11,2,0,63,No,13.349760438056126,0,store
College Graduate,Divorced,31615.0,2,3,20,6,11,9,2,2,0,3,7,0,47,No,13.519507186858316,1,store
College Graduate,Together,72025.0,833,33,549,151,133,233,1,4,3,8,3,0,61,No,13.845311430527037,0,store
PhD,Single,52614.0,789,0,142,12,9,38,2,2,4,8,8,0,48,No,13.806981519507186,1,store
Technical School,Married,35684.0,10,4,7,0,6,3,1,1,0,3,6,0,39,No,12.41889117043121,1,store
College Graduate,Married,48178.0,159,4,45,6,2,38,6,5,1,4,8,0,48,No,13.900068446269678,2,web
Master,Single,29548.0,7,1,6,3,1,11,1,1,1,2,4,0,53,Yes,13.065023956194388,1,store
College Graduate,Single,63810.0,977,12,253,16,12,101,4,4,3,12,8,0,57,Yes,13.86173853524983,1,store
PhD,Single,38578.0,38,4,22,3,3,3,3,3,0,3,8,0,51,Yes,13.25119780971937,2,web
Master,Single,46098.0,57,0,27,0,0,36,4,3,2,2,8,0,48,No,14.094455852156058,2,web
College Graduate,Single,22585.0,3,9,15,13,2,39,1,1,1,2,9,0,53,Yes,13.514031485284052,0,store
College Graduate,Single,30279.0,10,4,14,4,4,1,1,1,0,3,8,0,34,No,13.727583846680355,1,store
PhD,Together,66426.0,1043,24,97,32,24,157,2,3,5,10,6,0,62,No,12.971937029431896,1,store
College Graduate,Single,30822.0,3,9,13,2,12,12,1,1,0,3,7,0,54,No,13.273100616016427,1,store
PhD,Married,33581.0,11,0,5,0,0,1,1,1,0,2,8,0,54,No,13.702943189596168,2,store
College Graduate,Married,19986.0,3,6,5,0,2,6,1,0,0,3,7,0,38,No,12.854209445585216,1,store
College Graduate,Widow,27421.0,43,12,96,78,40,55,3,4,1,6,7,0,69,No,13.776865160848734,0,store
Technical School,Married,35688.0,73,3,90,12,1,32,7,4,1,4,8,0,50,No,14.08350444900753,3,web
Master,Single,36143.0,12,0,1,0,0,6,1,0,1,2,3,0,42,No,12.48186173853525,1,store
College Graduate,Single,10245.0,4,7,7,6,4,13,3,1,2,2,5,0,52,No,13.35523613963039,1,catalog
Master,Together,43795.0,314,11,53,4,3,107,3,7,3,4,7,0,55,Yes,12.933607118412047,1,web
College Graduate,Together,63381.0,571,50,142,33,50,159,4,4,5,13,2,0,63,No,13.963039014373717,1,store
College Graduate,Together,38823.0,70,0,11,2,8,23,1,2,1,3,6,0,74,No,14.061601642710473,1,store
PhD,Divorced,83664.0,866,21,151,28,21,86,3,2,2,12,5,0,55,No,13.374401095140314,2,store
College Graduate,Together,90300.0,594,134,786,33,134,57,0,5,6,8,1,0,44,Yes,12.71731690622861,0,store
Master,Together,62499.0,140,4,61,0,13,4,2,3,1,6,4,0,44,No,12.785763175906913,1,store
College Graduate,Single,74293.0,375,152,335,93,91,81,1,5,4,6,2,0,30,No,12.386036960985626,0,store
PhD,Married,51012.0,102,9,63,2,9,24,1,4,1,4,6,0,77,No,13.429158110882957,0,web
Master,Married,70777.0,554,35,113,0,7,78,3,5,3,12,3,0,55,No,12.572210814510608,1,store
PhD,Together,68682.0,919,0,505,99,30,45,1,4,9,10,2,0,32,No,12.960985626283367,0,store
College Graduate,Married,43824.0,96,1,42,12,3,32,4,3,1,4,8,0,52,No,14.017796030116358,2,store
College Graduate,Together,15345.0,5,2,16,3,2,19,2,1,1,2,8,0,39,Yes,14.05886379192334,1,store
College Graduate,Single,23442.0,2,0,6,8,6,5,1,1,0,3,7,0,36,No,13.744010951403148,1,store
Technical School,Together,14515.0,6,4,9,6,36,35,4,2,2,3,7,0,43,Yes,13.867214236824093,1,store
Technical School,Divorced,31395.0,23,1,25,0,8,7,4,2,1,3,6,0,67,No,13.500342231348391,2,store
College Graduate,Together,75276.0,610,105,125,137,42,21,1,9,4,9,5,0,58,No,13.984941820670773,0,web
College Graduate,Single,42373.0,67,5,61,3,8,19,5,2,1,5,5,0,49,No,13.103353867214237,2,store
College Graduate,Together,30507.0,65,36,74,38,20,110,1,5,1,4,7,0,63,No,13.533196440793978,0,web
PhD,Single,55521.0,416,0,26,0,0,4,9,6,3,6,7,0,68,Yes,12.917180013689254,3,web
College Graduate,Married,48006.0,23,0,11,3,2,2,1,1,0,3,6,0,58,No,12.28747433264887,2,store
PhD,Single,27213.0,19,3,26,10,9,3,3,2,0,4,8,0,51,Yes,14.061601642710473,1,store
PhD,Divorced,65808.0,155,7,80,13,7,10,3,5,1,5,6,0,52,No,12.314852840520192,2,web
PhD,Together,30351.0,14,0,24,3,3,2,1,3,0,2,9,0,49,No,13.295003422313483,1,web
College Graduate,Married,50437.0,370,9,92,6,9,4,3,7,1,8,7,0,60,No,13.930184804928132,2,store
Technical School,Single,23616.0,4,22,11,3,7,32,2,3,0,3,8,0,41,Yes,13.845311430527037,1,web
College Graduate,Married,53858.0,407,53,221,58,150,26,4,4,3,6,4,0,47,No,13.867214236824093,1,store
PhD,Married,66465.0,1200,0,204,38,29,14,3,11,9,12,6,0,68,Yes,13.481177275838467,1,store
College Graduate,Single,46923.0,85,44,54,102,78,6,3,5,1,7,7,0,36,No,14.08350444900753,1,store
College Graduate,Together,75072.0,583,34,309,0,22,125,2,5,4,8,3,0,61,No,13.661875427789186,1,store
PhD,Married,75865.0,483,0,591,156,0,12,1,3,5,10,1,0,80,No,12.479123887748118,0,store
Technical School,Together,19789.0,2,5,9,28,6,28,3,2,1,3,5,0,48,Yes,12.837782340862423,1,store
College Graduate,Together,80134.0,966,26,282,52,26,26,1,2,7,11,5,0,29,Yes,12.602327173169062,0,store
College Graduate,Single,91065.0,822,114,108,179,137,114,1,7,9,9,3,0,42,Yes,13.579739904175222,0,catalog
Master,Married,49505.0,604,0,100,19,0,28,9,10,2,8,8,0,52,No,13.54962354551677,2,web
PhD,Married,37401.0,19,3,19,3,1,3,2,2,0,3,7,0,50,No,12.380561259411362,1,store
College Graduate,Married,30096.0,5,3,11,12,5,9,1,2,0,3,6,0,40,No,12.336755646817249,1,store
Master,Together,18492.0,2,2,2,2,1,1,1,1,0,2,8,0,41,No,12.2984257357974,1,store
Master,Married,82584.0,1076,68,103,29,91,68,1,3,4,8,1,0,49,Yes,13.300479123887747,0,store
PhD,Married,93027.0,1285,42,716,55,0,21,0,7,10,5,2,0,82,Yes,13.442847364818617,0,catalog
College Graduate,Married,48686.0,10,0,7,2,0,1,1,1,0,2,8,0,70,No,12.799452429842573,3,store
College Graduate,Married,92910.0,551,137,792,179,103,33,1,6,7,13,1,0,37,Yes,12.413415468856947,0,store
College Graduate,Married,75433.0,800,0,297,0,34,57,2,2,5,10,6,0,34,Yes,12.465434633812457,1,store
Technical School,Together,10404.0,2,2,11,10,6,12,2,1,0,4,5,0,34,No,12.386036960985626,1,store
College Graduate,Married,61314.0,378,0,189,97,172,172,2,5,5,12,3,0,55,No,13.409993155373032,1,store
PhD,Single,84865.0,1248,16,349,43,16,16,1,2,4,9,4,0,62,Yes,13.371663244353183,0,store
College Graduate,Married,42387.0,235,0,235,19,4,191,5,8,1,7,8,0,34,No,13.897330595482547,1,web
Technical School,Together,67309.0,515,47,181,149,95,95,15,9,6,9,7,0,56,No,13.661875427789186,2,web
College Graduate,Married,75236.0,438,66,400,12,38,114,1,8,3,13,4,0,59,No,12.824093086926762,1,store
College Graduate,Single,30015.0,25,0,22,2,3,5,2,1,0,4,5,0,53,No,12.635181382614647,1,store
Master,Together,50943.0,31,0,7,2,0,6,1,1,0,3,5,0,67,No,13.253935660506503,1,store
College Graduate,Divorced,67272.0,357,35,271,28,28,14,3,6,2,12,5,0,57,No,12.752908966461328,1,store
Master,Widow,51529.0,400,4,35,6,0,22,2,9,1,5,8,0,74,No,13.040383299110198,1,web
PhD,Married,32011.0,99,0,15,2,1,5,3,2,1,4,7,0,52,No,13.084188911704311,1,store
Technical School,Married,7500.0,1,11,5,4,6,9,2,2,0,3,8,0,37,No,13.620807665982204,1,store
College Graduate,Married,28691.0,5,4,13,8,0,4,1,1,0,3,8,0,34,No,13.218343600273785,1,store
PhD,Married,56223.0,77,28,31,16,0,4,2,2,1,5,4,0,75,No,12.75564681724846,1,store
College Graduate,Married,18100.0,3,1,2,4,3,1,1,0,0,3,5,0,77,No,13.127994524298426,0,store
College Graduate,Single,30279.0,10,4,14,4,4,1,1,1,0,3,8,0,34,No,13.727583846680355,1,store
Technical School,Married,20130.0,0,6,3,7,6,12,1,1,0,3,8,0,49,No,12.517453798767967,0,store
College Graduate,Divorced,23295.0,0,0,1,2,12,5,1,1,0,2,8,0,64,No,13.193702943189596,0,store
Master,Divorced,42618.0,76,14,74,13,5,10,2,5,0,4,8,0,51,No,12.952772073921972,1,web
College Graduate,Single,81246.0,398,190,537,61,156,37,1,4,5,7,1,0,59,Yes,12.731006160164272,0,store
College Graduate,Married,24027.0,14,7,11,11,0,5,2,2,0,3,8,0,47,No,13.286789869952088,1,store
PhD,Married,55707.0,208,7,82,30,66,35,2,3,2,9,3,0,70,No,12.750171115674195,1,store
College Graduate,Single,57959.0,430,16,322,43,24,33,5,4,7,11,3,0,68,No,13.390828199863108,1,store
College Graduate,Married,56796.0,656,38,161,62,47,37,3,8,9,7,7,0,54,No,13.596167008898014,1,catalog
Master,Single,36230.0,14,2,30,8,2,3,1,2,0,4,5,0,52,No,12.930869267624914,1,store
Technical School,Married,70829.0,141,70,106,72,19,23,2,4,2,8,3,0,43,No,12.80766598220397,2,store
College Graduate,Married,65991.0,507,19,364,25,47,9,3,9,5,10,7,0,47,No,14.039698836413416,1,store
College Graduate,Married,38988.0,164,24,103,12,3,42,7,5,1,6,8,0,51,No,14.088980150581794,3,store
Technical School,Single,89572.0,606,24,974,197,194,64,1,7,7,9,4,0,57,Yes,14.017796030116358,0,store
Master,Married,42207.0,116,11,72,3,17,46,4,4,1,5,6,0,39,Yes,13.475701574264203,1,store
College Graduate,Married,50300.0,143,15,60,24,23,5,2,2,1,8,2,0,71,No,12.328542094455852,1,store
Technical School,Together,66664.0,398,96,447,220,96,32,1,5,7,6,3,0,41,No,13.990417522245037,0,catalog
College Graduate,Married,60597.0,522,0,257,32,16,66,4,2,2,8,7,0,59,Yes,12.722792607802875,1,store
College Graduate,Widow,70165.0,161,0,253,199,191,122,1,3,7,11,1,0,74,No,12.999315537303216,0,store
PhD,Widow,50520.0,112,0,6,2,1,14,2,3,1,3,6,0,65,No,12.648870636550308,1,web
College Graduate,Married,80124.0,483,84,398,205,84,241,1,3,7,8,1,0,60,Yes,12.240930869267626,0,store
College Graduate,Married,33183.0,7,5,39,17,15,37,2,4,0,3,7,0,48,No,12.574948665297741,1,web
PhD,Single,66582.0,789,25,420,16,38,0,1,2,8,9,1,0,54,No,12.555783709787816,0,store
PhD,Together,75261.0,1239,17,413,23,34,17,1,5,6,5,2,0,68,Yes,13.415468856947296,0,catalog
College Graduate,Widow,31880.0,4,1,5,2,0,3,1,1,0,2,8,0,53,No,13.891854893908283,1,store
College Graduate,Married,53790.0,335,42,127,28,5,5,3,7,2,8,6,0,72,No,12.54757015742642,2,store
PhD,Together,49269.0,639,8,166,11,8,58,3,7,3,12,7,0,52,No,14.102669404517453,1,store
College Graduate,Married,61456.0,563,76,384,84,192,89,4,6,10,13,4,0,48,No,13.489390828199863,1,store
College Graduate,Married,37406.0,2,0,8,2,2,3,1,1,0,2,8,0,43,Yes,12.950034223134839,1,store
PhD,Together,56937.0,746,8,125,11,8,8,7,8,6,9,6,0,42,Yes,14.132785763175907,1,store
College Graduate,Married,38415.0,22,1,13,4,0,4,2,1,0,3,7,0,45,No,13.71937029431896,2,store
College Graduate,Single,20518.0,4,1,6,4,1,9,1,1,1,2,5,0,35,No,12.347707049965777,1,store
College Graduate,Married,62503.0,478,0,193,110,75,117,4,8,3,11,5,0,67,No,13.59069130732375,1,store
PhD,Single,41644.0,20,3,4,2,0,2,2,1,0,3,3,0,51,No,12.372347707049967,2,store
Master,Married,55842.0,451,0,39,0,4,24,1,7,1,8,5,0,46,No,12.334017796030116,1,store
PhD,Married,62010.0,371,22,39,6,0,92,4,6,2,7,5,0,51,No,13.91375770020534,1,store
College Graduate,Married,41124.0,281,7,84,15,0,119,7,7,3,4,8,0,46,No,13.891854893908283,1,web
Master,Married,38961.0,19,7,19,0,1,24,1,2,1,2,7,0,50,No,12.728268309377139,1,web
Master,Divorced,37760.0,26,3,13,2,10,0,1,2,0,3,6,0,51,No,13.114305270362765,1,store
College Graduate,Single,32233.0,138,15,35,25,11,72,2,6,2,2,9,0,49,Yes,14.091718001368925,1,web
College Graduate,Married,43057.0,213,2,44,0,2,5,4,4,2,5,5,0,48,No,12.895277207392198,1,store
Master,Together,83151.0,407,28,100,120,74,18,1,5,9,4,3,0,63,No,13.949349760438055,0,catalog
PhD,Divorced,78825.0,483,74,114,169,37,18,1,5,10,13,3,0,59,Yes,14.020533880903491,0,store
Master,Together,65104.0,738,0,232,13,20,50,2,3,5,7,7,0,47,No,12.854209445585216,1,store
College Graduate,Married,60093.0,502,12,109,16,6,90,2,7,2,10,6,0,49,No,13.240246406570842,1,store
College Graduate,Married,14045.0,11,0,5,2,1,1,1,1,0,3,7,0,54,No,12.654346338124572,1,store
Technical School,Widow,28457.0,24,1,108,29,29,14,1,4,1,4,8,0,71,No,13.900068446269678,0,web
PhD,Together,78952.0,1170,19,594,99,76,134,2,2,5,12,6,0,65,No,13.99315537303217,1,store
College Graduate,Divorced,46310.0,185,2,88,15,5,14,2,6,1,5,8,0,47,No,13.801505817932922,1,web
College Graduate,Together,76005.0,983,20,389,240,50,40,1,3,5,13,6,0,68,Yes,13.579739904175222,0,store
Master,Single,58308.0,691,0,69,10,0,130,4,2,6,3,8,0,59,No,13.69199178644764,1,catalog
PhD,Divorced,55614.0,504,13,131,8,0,26,1,9,4,6,7,0,79,Yes,12.818617385352498,0,web
Master,Divorced,59432.0,317,25,265,25,19,12,3,5,3,11,5,0,61,No,13.442847364818617,1,store
College Graduate,Divorced,55563.0,29,1,9,2,0,2,1,2,0,3,3,0,45,No,12.465434633812457,1,store
PhD,Together,78642.0,1396,0,322,46,35,17,1,4,9,4,6,0,52,No,13.42094455852156,1,catalog
PhD,Together,67911.0,529,0,356,63,28,0,3,6,7,11,3,0,74,No,12.336755646817249,1,store
College Graduate,Married,65275.0,388,14,218,91,14,21,1,4,3,13,2,0,79,No,13.470225872689939,0,store
College Graduate,Together,27203.0,13,2,21,4,0,24,2,1,1,2,8,0,73,No,14.127310061601642,2,store
Master,Together,48330.0,28,0,4,0,0,0,1,1,0,3,5,0,62,No,12.851471594798083,1,store
High School,Married,24279.0,16,36,21,20,62,108,1,4,1,3,8,0,33,No,13.730321697467488,0,web
PhD,Married,64355.0,1047,0,140,67,38,153,2,4,3,12,8,0,38,No,14.078028747433265,1,store
Master,Together,50943.0,31,0,7,2,0,6,1,1,0,3,5,0,67,No,13.253935660506503,1,store
College Graduate,Widow,53653.0,815,10,239,28,10,108,2,10,4,12,6,0,70,No,13.872689938398358,0,store
College Graduate,Married,65665.0,225,162,387,106,36,29,1,5,10,8,3,0,47,No,12.804928131416839,1,catalog
College Graduate,Single,81217.0,493,70,324,146,40,84,1,3,7,11,1,0,34,No,13.177275838466803,0,store
College Graduate,Married,34935.0,34,4,66,3,10,20,1,2,1,4,7,0,31,No,13.253935660506503,0,store
College Graduate,Divorced,61250.0,382,138,65,60,26,59,6,5,2,12,5,0,64,No,13.765913757700206,1,store
PhD,Together,39665.0,127,1,56,0,1,31,3,4,2,3,7,0,42,Yes,13.32785763175907,1,web
College Graduate,Single,60152.0,325,83,300,86,58,91,1,6,4,12,3,0,44,No,13.486652977412732,1,store
College Graduate,Married,48920.0,238,17,68,8,10,6,3,6,2,5,7,0,59,Yes,12.922655715263518,2,web
Master,Together,89120.0,1168,92,408,72,129,55,1,5,6,7,1,0,64,Yes,12.517453798767967,0,store
PhD,Together,44124.0,284,0,55,0,6,52,4,6,2,5,8,0,77,No,13.366187542778919,1,web
Master,Single,81169.0,1288,20,613,80,61,27,1,5,7,9,2,0,48,No,13.440109514031485,0,store
College Graduate,Married,36443.0,65,0,46,4,3,20,4,3,1,3,8,0,62,No,13.631759069130732,2,web
College Graduate,Single,26095.0,11,7,9,3,1,11,1,1,0,3,7,0,33,No,13.229295003422314,1,store
College Graduate,Together,71367.0,227,23,389,42,21,75,1,4,5,7,2,0,64,No,13.08145106091718,0,store
Master,Married,80184.0,1035,134,670,25,38,0,1,6,3,10,3,0,79,Yes,12.56125941136208,0,store
College Graduate,Divorced,30630.0,27,1,12,2,0,10,2,2,0,3,7,0,58,No,12.65160848733744,2,store
Master,Single,73454.0,982,73,351,56,14,175,1,2,4,6,5,0,36,Yes,12.56125941136208,0,store
College Graduate,Married,42691.0,179,2,64,38,17,58,1,5,1,6,5,0,32,No,13.100616016427105,0,store
College Graduate,Married,70503.0,1379,33,216,0,33,66,1,2,4,9,6,0,70,Yes,13.976728268309378,0,store
College Graduate,Married,25545.0,32,1,64,16,12,85,3,2,2,3,6,0,36,Yes,14.036960985626283,1,store
College Graduate,Married,32880.0,8,4,15,7,6,2,1,1,0,3,8,0,37,No,13.79876796714579,1,store
PhD,Together,77863.0,881,38,319,16,25,12,1,4,5,10,2,0,65,No,12.818617385352498,0,store
Master,Married,50353.0,141,15,153,67,31,35,1,4,4,6,3,0,46,No,12.290212183436003,0,store
College Graduate,Single,61839.0,1000,155,379,224,17,120,1,4,8,4,8,0,59,No,14.11088295687885,0,catalog
PhD,Married,49154.0,206,10,67,30,27,71,6,4,1,8,6,0,63,No,12.88432580424367,2,store
Technical School,Widow,47682.0,162,61,83,97,57,61,4,4,3,8,5,0,48,No,13.598904859685147,1,store
College Graduate,Single,72679.0,619,54,260,127,54,54,1,4,7,5,1,0,54,No,13.010266940451745,1,catalog
Master,Together,57954.0,456,4,24,0,0,9,7,8,2,6,7,0,46,Yes,12.262833675564682,2,web
College Graduate,Married,65316.0,112,6,92,3,9,38,2,3,2,5,4,0,61,No,13.412731006160165,2,store
College Graduate,Single,28567.0,11,3,22,2,2,6,2,2,0,3,6,0,41,No,13.264887063655031,1,store
Master,Together,47352.0,172,12,112,8,0,15,4,6,1,5,7,0,72,No,13.44832306639288,1,web
College Graduate,Together,44931.0,78,0,11,0,0,7,1,2,1,3,5,0,56,No,12.676249144421629,1,store
College Graduate,Divorced,76982.0,464,151,292,65,60,30,1,8,3,4,4,0,56,Yes,12.59958932238193,0,web
Technical School,Together,57247.0,99,4,32,37,54,6,2,2,1,7,2,0,71,No,13.122518822724162,1,store
Master,Single,22944.0,19,3,19,4,5,26,3,3,0,3,7,0,42,No,12.747433264887064,1,web
Technical School,Together,25315.0,1,9,8,11,3,22,3,3,0,3,8,0,46,No,12.873374401095141,1,web
College Graduate,Widow,43638.0,63,10,83,7,19,19,2,4,1,4,7,0,54,No,14.127310061601642,1,web
PhD,Single,42710.0,252,3,42,4,3,102,2,4,5,3,6,0,39,No,13.815195071868583,1,catalog
PhD,Married,84169.0,1478,19,403,0,19,0,1,7,6,6,3,0,41,Yes,13.125256673511293,0,web
College Graduate,Together,54058.0,198,18,252,32,108,54,2,4,6,8,3,0,47,No,13.300479123887747,1,store
Technical School,Married,24683.0,8,4,10,6,7,6,2,2,0,4,5,0,33,No,12.542094455852157,1,store
College Graduate,Widow,85620.0,416,46,925,60,107,46,1,3,6,4,1,0,59,Yes,12.706365503080082,0,catalog
College Graduate,Married,47850.0,42,7,43,20,12,10,1,3,0,4,6,0,43,No,12.802190280629706,1,store
College Graduate,Married,19514.0,14,3,21,2,1,28,4,3,1,2,8,0,55,Yes,12.654346338124572,2,web
Master,Married,27159.0,17,0,3,0,0,1,2,1,0,3,6,0,50,No,12.484599589322382,2,store
Technical School,Single,39548.0,15,4,10,3,4,18,2,1,1,3,3,0,60,No,12.479123887748118,2,store
College Graduate,Single,21474.0,6,16,24,11,0,34,2,3,1,2,7,0,34,Yes,12.457221081451062,1,web
PhD,Single,60504.0,458,0,24,6,4,34,2,6,2,8,6,0,52,No,12.621492128678987,1,store
College Graduate,Married,22419.0,30,3,47,19,21,42,1,3,2,2,8,0,60,No,13.429158110882957,0,web
Master,Married,81698.0,179,28,520,111,123,47,1,3,8,13,1,0,74,Yes,12.876112251882272,0,store
College Graduate,Together,43462.0,90,17,97,15,6,15,6,4,1,5,8,0,71,No,14.026009582477755,2,store
PhD,Single,54880.0,308,85,137,102,45,118,2,6,2,11,5,0,45,No,13.560574948665298,1,store
College Graduate,Married,79908.0,557,129,761,29,185,111,1,5,6,7,2,0,41,Yes,13.464750171115675,0,store
Technical School,Married,15315.0,7,4,13,15,8,17,2,2,0,4,5,0,53,No,13.136208076659821,0,store
College Graduate,Together,87771.0,1492,38,287,50,57,33,1,5,10,4,6,0,64,Yes,13.336071184120465,1,catalog
College Graduate,Married,33039.0,30,8,12,8,8,12,1,2,0,4,5,0,45,No,13.034907597535934,1,store
College Graduate,Single,81741.0,249,153,940,58,134,38,0,6,6,7,2,0,43,No,13.267624914442163,0,store
Master,Together,71499.0,465,25,132,136,0,37,2,8,3,13,4,0,52,No,13.242984257357975,1,store
Technical School,Married,62466.0,129,129,259,168,121,83,5,6,3,12,4,0,53,No,12.684462696783026,1,store
PhD,Divorced,48799.0,174,18,81,28,6,24,3,3,2,7,3,0,60,No,12.878850102669405,1,store
PhD,Together,52157.0,189,2,29,3,2,40,2,3,2,5,4,0,73,No,12.292950034223136,1,store
College Graduate,Single,66565.0,747,10,161,65,40,42,4,4,2,9,8,0,61,No,13.796030116358658,1,store
Master,Together,29298.0,6,0,2,2,0,1,1,1,0,2,5,0,72,No,13.040383299110198,2,store
College Graduate,Single,47691.0,14,0,3,0,0,4,1,1,0,2,6,0,44,No,13.215605749486652,1,store
College Graduate,Together,38200.0,12,0,4,0,0,1,1,1,0,2,7,0,53,No,13.790554414784394,2,store
College Graduate,Married,44989.0,98,0,106,49,10,106,5,5,1,5,6,0,49,No,14.026009582477755,1,web
PhD,Married,38443.0,32,0,5,0,0,1,2,1,0,3,7,0,55,No,12.65160848733744,2,store
Technical School,Single,38593.0,51,12,49,17,24,24,3,4,1,3,8,0,45,No,13.023956194387406,1,web
PhD,Together,64413.0,200,5,44,0,10,20,1,5,1,5,5,0,53,No,13.141683778234086,1,web
Master,Married,36959.0,25,6,25,6,0,0,2,2,0,3,8,0,42,No,12.971937029431896,1,store
PhD,Married,61996.0,1050,12,144,0,0,24,3,6,4,8,5,0,46,Yes,13.639972621492129,1,store
College Graduate,Married,51287.0,117,0,22,13,0,30,3,4,1,3,7,0,55,No,12.476386036960985,2,web
College Graduate,Married,13260.0,9,4,17,10,2,7,4,3,0,3,8,0,53,No,13.08145106091718,2,web
PhD,Together,47472.0,56,0,11,0,0,8,2,2,0,4,5,0,57,No,13.015742642026009,2,store
Master,Together,54603.0,145,13,46,17,2,4,6,4,2,4,7,0,67,No,13.204654346338124,2,web
PhD,Married,45207.0,203,0,10,0,0,2,5,3,1,6,6,0,49,Yes,13.86447638603696,2,store
College Graduate,Together,40689.0,270,3,27,39,6,99,7,7,1,5,8,0,72,No,13.514031485284052,1,web
Technical School,Together,47821.0,9,0,16,6,6,10,1,1,0,3,8,0,56,No,12.922655715263518,2,store
Master,Married,27450.0,37,12,23,8,11,52,1,2,1,3,7,0,72,No,13.437371663244353,0,store
College Graduate,Together,39453.0,46,0,7,0,0,2,2,2,0,3,6,0,40,No,12.470910335386721,1,store
Technical School,Together,26850.0,31,1,13,7,2,9,4,2,1,4,4,0,52,No,12.429842573579739,2,store
College Graduate,Widow,79800.0,1060,21,530,32,0,224,1,5,11,5,3,0,68,Yes,13.995893223819301,0,catalog
Master,Married,61794.0,264,47,188,54,47,11,2,4,4,10,2,0,62,No,13.021218343600275,1,store
College Graduate,Together,53863.0,399,4,30,6,4,30,3,7,1,7,7,0,68,Yes,12.350444900752908,1,web
College Graduate,Together,24221.0,8,9,9,2,5,22,1,1,1,3,4,0,64,No,13.089664613278575,0,store
PhD,Single,39684.0,19,0,35,6,4,17,2,2,1,2,7,1,39,Yes,13.943874058863791,1,web
Master,Married,92163.0,817,183,797,106,163,20,0,5,11,5,2,0,48,Yes,13.776865160848734,0,catalog
Master,Single,69882.0,292,127,635,132,127,165,1,3,7,9,1,0,58,No,12.865160848733744,0,store
College Graduate,Together,33178.0,12,6,2,11,2,16,1,1,0,3,4,0,46,No,12.643394934976044,1,store
PhD,Married,59973.0,130,30,168,20,34,0,1,3,4,7,1,0,51,No,13.02943189596167,0,store
Master,Together,17459.0,6,4,16,3,10,30,3,3,1,2,7,0,48,Yes,13.007529089664613,1,web
College Graduate,Divorced,23910.0,16,12,18,7,1,13,1,2,0,3,7,0,54,No,13.905544147843942,1,store
Master,Married,42169.0,19,0,9,0,0,2,2,1,0,3,8,0,54,No,12.92539356605065,2,store
Technical School,Married,26224.0,4,7,15,13,9,15,3,2,1,3,6,0,45,No,13.300479123887747,1,store
College Graduate,Together,31089.0,31,3,31,2,8,4,3,3,0,4,8,0,42,No,14.097193702943189,1,store
College Graduate,Single,30081.0,36,0,2,0,0,4,1,1,0,3,7,0,62,No,13.582477754962355,1,store
College Graduate,Together,62807.0,526,28,135,10,21,99,3,5,3,12,5,0,63,No,14.05886379192334,1,store
College Graduate,Single,72906.0,400,32,519,71,75,54,1,3,4,9,1,0,68,No,13.013004791238878,0,store
PhD,Married,61467.0,410,16,114,0,5,49,3,5,2,10,5,0,75,No,13.78507871321013,2,store
Master,Together,49618.0,80,3,26,4,2,14,4,3,1,3,7,0,57,No,13.653661875427789,2,web
Master,Single,21888.0,88,10,46,2,3,64,4,5,1,2,10,0,37,Yes,13.730321697467488,1,web
College Graduate,Widow,42429.0,55,0,6,2,0,4,2,1,1,3,5,0,50,No,12.61054072553046,1,store
College Graduate,Divorced,26150.0,5,1,13,3,5,1,1,1,0,3,7,0,67,No,13.533196440793978,3,store
High School,Married,30801.0,8,4,5,15,2,11,2,1,0,3,7,0,48,No,13.905544147843942,1,store
College Graduate,Married,81168.0,410,0,592,147,22,22,1,6,4,7,3,0,58,Yes,12.37782340862423,0,store
Master,Single,26877.0,101,13,76,20,18,40,2,3,1,6,6,0,54,No,13.092402464065708,0,store
Master,Widow,45006.0,162,25,53,16,0,10,1,3,1,7,3,0,79,No,13.180013689253936,0,store
High School,Married,18978.0,2,8,1,4,7,15,1,1,0,3,8,0,50,No,13.779603011635865,1,store
College Graduate,Married,22574.0,25,0,8,2,0,2,2,2,0,3,7,0,56,No,12.900752908966462,3,store
PhD,Single,48240.0,389,91,248,64,49,41,3,6,3,13,5,0,54,Yes,13.867214236824093,0,store
College Graduate,Married,45837.0,215,13,87,17,17,24,5,6,2,5,7,0,49,No,13.158110882956878,2,web
Master,Single,35791.0,27,0,5,0,0,3,2,1,0,3,8,0,58,No,13.379876796714578,3,store
PhD,Together,162397.0,85,1,16,2,1,2,0,0,0,1,1,0,47,No,13.30321697467488,2,store
College Graduate,Widow,54162.0,5,6,10,6,5,10,1,1,0,3,4,0,45,No,13.514031485284052,2,store
Master,Married,30522.0,179,8,83,19,11,26,5,1,2,9,2,0,63,No,14.097193702943189,1,store
PhD,Married,54456.0,352,0,27,10,0,15,3,6,1,7,6,0,62,No,13.19917864476386,1,store
College Graduate,Single,31632.0,17,8,12,11,15,32,1,2,1,2,7,0,52,No,13.190965092402465,0,web
College Graduate,Widow,72298.0,625,35,169,58,17,35,1,4,3,6,1,0,74,Yes,12.536618754277892,0,store
Technical School,Single,36975.0,10,6,11,0,4,2,1,1,0,3,7,0,45,No,12.733744010951403,1,store
Technical School,Married,72635.0,390,22,323,104,35,107,1,6,8,6,3,0,68,Yes,13.30321697467488,0,catalog
College Graduate,Married,13624.0,10,2,15,2,1,6,2,2,0,3,6,0,47,No,13.670088980150581,1,store
College Graduate,Single,84196.0,215,63,507,231,31,190,1,8,4,7,3,0,48,No,13.30321697467488,1,web
College Graduate,Together,70971.0,1001,17,572,93,125,17,7,11,11,5,7,0,63,Yes,14.001368925393566,1,web
PhD,Divorced,34487.0,19,18,33,24,1,8,3,3,0,3,9,0,46,No,14.042436687200547,2,web
College Graduate,Single,28769.0,41,5,129,10,3,3,3,4,1,4,9,0,46,No,13.760438056125942,1,web
PhD,Married,69084.0,1181,107,199,39,30,30,2,7,3,13,8,0,53,No,12.840520191649555,1,store
PhD,Together,65488.0,603,45,207,36,18,54,1,3,4,6,1,0,65,No,12.276522929500342,0,store
Technical School,Married,62466.0,129,129,259,168,121,83,5,6,3,12,4,0,53,No,12.684462696783026,1,store
Technical School,Single,32218.0,10,24,15,13,1,30,1,2,1,3,7,0,63,Yes,12.59958932238193,0,store
College Graduate,Single,83917.0,514,22,732,42,198,79,1,6,7,7,3,0,50,Yes,13.429158110882957,0,catalog
College Graduate,Divorced,46102.0,14,0,1,0,0,1,1,1,0,2,7,0,61,No,12.536618754277892,3,store
College Graduate,Single,84574.0,387,20,713,38,54,163,1,9,11,11,5,0,71,No,13.300479123887747,0,catalog
College Graduate,Married,56181.0,121,103,69,8,44,48,1,4,2,7,4,0,61,No,13.702943189596168,1,store
Master,Divorced,63120.0,965,69,279,54,41,69,5,8,4,9,7,0,73,Yes,13.982203969883642,1,store
College Graduate,Married,73691.0,707,21,250,85,43,73,2,6,2,8,2,0,52,Yes,12.876112251882272,1,store
College Graduate,Together,63381.0,571,50,142,33,50,159,4,4,5,13,2,0,63,No,13.963039014373717,1,store
PhD,Together,76140.0,586,66,653,17,0,26,1,5,9,6,2,0,75,No,12.361396303901437,0,catalog
PhD,Divorced,62859.0,1063,89,102,16,12,25,4,9,4,6,6,0,64,No,13.727583846680355,1,web
College Graduate,Single,45906.0,305,3,27,4,3,144,2,5,4,4,5,0,59,Yes,13.377138945927447,1,web
Master,Together,77632.0,1200,105,758,0,42,147,1,4,2,6,2,0,76,Yes,13.535934291581109,0,store
PhD,Married,46463.0,163,2,40,8,11,11,7,3,1,6,6,0,52,No,13.095140314852841,2,store
College Graduate,Together,105471.0,1009,181,104,202,21,207,0,9,8,13,3,0,53,Yes,13.66735112936345,0,store
Master,Divorced,55282.0,125,6,73,8,4,19,1,3,1,6,4,0,53,No,12.774811772758385,1,store
Master,Married,78710.0,721,0,152,119,50,50,3,7,6,12,4,0,46,No,12.334017796030116,1,store
College Graduate,Together,66886.0,315,4,62,41,31,146,2,7,1,7,5,0,65,No,13.015742642026009,1,web
Master,Single,98777.0,1000,19,711,125,115,38,0,4,6,9,1,0,63,Yes,12.594113620807667,0,store
College Graduate,Together,29103.0,16,0,17,6,3,6,2,1,0,3,9,0,38,No,14.069815195071868,1,store
College Graduate,Married,67445.0,757,80,217,29,80,11,5,9,6,12,6,0,49,No,14.11088295687885,1,store
PhD,Together,50616.0,30,2,25,0,1,9,1,1,1,4,2,0,73,No,12.4435318275154,1,store
College Graduate,Divorced,49431.0,219,3,100,26,0,17,2,7,1,5,8,0,68,No,14.13552361396304,1,web
College Graduate,Divorced,153924.0,1,1,1,1,1,1,0,0,0,0,0,0,48,No,12.621492128678987,0,web
College Graduate,Together,61278.0,111,3,28,2,6,15,2,3,1,4,6,0,70,No,12.714579055441478,1,store
Technical School,Together,26490.0,45,47,52,21,20,25,2,3,1,5,6,0,65,No,13.998631074606434,0,store
PhD,Together,73059.0,410,112,420,0,82,71,1,9,3,13,4,0,76,No,13.059548254620124,1,store
PhD,Single,46734.0,100,1,39,6,1,76,4,3,2,3,6,0,57,Yes,12.919917864476385,3,web
College Graduate,Together,56253.0,509,0,65,7,11,5,4,7,2,9,6,0,60,No,13.790554414784394,1,store
College Graduate,Married,19986.0,3,6,5,0,2,6,1,0,0,3,7,0,38,No,12.854209445585216,1,store
College Graduate,Widow,58330.0,445,53,213,104,98,151,1,6,4,13,4,0,48,No,12.7419575633128,1,store
High School,Married,25965.0,2,2,11,41,7,11,1,2,0,3,8,0,43,No,14.039698836413416,0,store
Master,Together,14661.0,4,1,11,6,2,2,1,1,0,3,6,0,67,No,13.722108145106091,0,store
College Graduate,Married,18690.0,6,1,7,23,4,19,1,1,1,2,8,0,64,No,13.73305954825462,0,store
PhD,Together,45068.0,14,0,3,0,0,3,1,1,0,2,7,0,49,No,13.352498288843258,1,store
High School,Single,21063.0,1,10,11,19,3,15,2,2,0,3,6,0,36,No,12.991101984941821,1,store
PhD,Married,29187.0,26,0,6,0,0,2,1,1,0,3,8,0,55,No,13.371663244353183,1,store
Technical School,Married,54690.0,111,16,37,7,9,18,3,3,1,5,3,0,52,No,12.873374401095141,2,store
PhD,Married,59304.0,418,61,428,80,51,10,3,7,8,10,5,0,59,No,13.149897330595483,1,store
Master,Single,59247.0,327,9,122,19,14,83,5,5,2,9,6,0,61,No,12.870636550308008,2,store
College Graduate,Widow,66731.0,371,159,194,58,106,141,4,4,3,6,3,0,53,No,14.026009582477755,1,store
College Graduate,Married,77353.0,275,59,107,69,101,59,2,6,4,8,4,0,43,No,12.766598220396988,1,store
PhD,Single,52614.0,789,0,142,12,9,38,2,2,4,8,8,0,48,No,13.806981519507186,1,store
College Graduate,Married,26751.0,1,1,5,0,3,1,1,1,0,2,8,0,49,No,12.336755646817249,2,store
PhD,Married,81300.0,1004,12,145,32,12,36,3,10,3,5,5,0,60,Yes,13.894592744695414,1,web
College Graduate,Single,70337.0,187,81,149,25,43,91,1,2,2,12,1,0,44,No,12.720054757015742,0,store
Technical School,Married,36145.0,56,4,76,17,1,18,4,4,1,3,9,0,38,Yes,13.267624914442163,1,web
PhD,Single,65295.0,365,32,117,34,110,6,1,3,3,13,2,0,43,No,12.747433264887064,0,store
College Graduate,Divorced,68118.0,595,23,123,10,23,154,2,8,9,4,6,0,60,No,12.928131416837783,1,catalog
College Graduate,Divorced,68743.0,1132,134,384,175,134,115,1,11,5,13,7,0,56,No,14.061601642710473,0,store
Technical School,Together,41039.0,34,11,137,179,61,45,1,8,1,5,8,0,41,No,13.160848733744011,0,web
College Graduate,Together,38946.0,116,6,82,6,6,41,2,3,1,6,5,0,68,No,12.91170431211499,1,store
College Graduate,Together,65777.0,565,32,435,28,32,54,1,2,8,6,1,0,56,No,12.758384668035593,0,catalog
PhD,Divorced,66476.0,372,18,126,47,48,78,2,5,2,11,4,0,47,No,13.544147843942506,1,store
PhD,Single,86857.0,899,102,838,133,102,40,1,5,6,10,2,0,51,Yes,14.026009582477755,0,store
PhD,Married,160803.0,55,16,1622,17,3,4,15,0,28,1,0,0,41,No,14.132785763175907,0,catalog
PhD,Together,77845.0,760,40,480,0,40,26,1,3,5,12,1,0,34,Yes,12.353182751540041,0,store
PhD,Together,69476.0,260,86,559,63,9,67,1,4,6,4,2,0,54,No,12.97741273100616,0,catalog
PhD,Divorced,50611.0,459,0,24,6,0,4,6,4,5,7,6,0,63,Yes,13.96577686516085,1,store
College Graduate,Single,61209.0,466,0,224,119,49,99,1,5,3,4,2,0,53,No,13.075975359342916,0,web
Master,Together,42315.0,67,15,80,17,11,80,3,1,4,4,3,0,65,No,13.196440793976729,1,catalog
High School,Together,13084.0,2,0,7,3,7,10,1,1,0,3,6,0,71,No,12.8870636550308,0,store
Master,Widow,47570.0,67,1,20,0,2,31,3,2,2,2,7,0,74,Yes,13.316906228610542,2,web
Master,Married,61923.0,92,4,18,3,3,6,1,2,1,4,3,0,62,No,13.158110882956878,2,store
College Graduate,Single,34824.0,4,2,11,2,0,4,1,1,0,2,6,0,28,No,12.492813141683778,0,store
PhD,Single,26518.0,20,1,28,3,3,2,3,2,0,3,8,0,74,Yes,13.456536618754278,2,store
College Graduate,Single,45938.0,273,11,178,62,83,29,2,8,4,6,6,0,62,No,12.88432580424367,0,web
College Graduate,Together,78468.0,434,22,388,104,22,34,1,10,7,10,4,0,63,Yes,12.454483230663929,0,web
College Graduate,Divorced,78901.0,321,11,309,33,26,34,3,9,3,5,4,0,50,No,13.013004791238878,1,web
College Graduate,Married,71427.0,212,123,177,15,64,23,2,8,2,8,4,0,45,No,12.531143052703628,2,web
College Graduate,Divorced,71022.0,909,12,278,0,12,242,3,5,2,11,8,0,45,Yes,12.61054072553046,1,store
Master,Single,90247.0,1184,32,352,21,16,16,1,3,4,7,1,0,35,Yes,12.399726214921287,0,store
Master,Divorced,41335.0,112,19,21,16,14,5,3,4,1,4,7,0,55,No,12.739219712525667,1,web
College Graduate,Married,71952.0,656,80,455,52,107,93,2,8,4,8,4,0,37,Yes,13.697467488021903,1,web
PhD,Divorced,35682.0,23,0,8,6,2,18,1,1,1,3,2,0,53,No,12.238193018480493,1,store
College Graduate,Divorced,43185.0,537,6,42,16,6,30,2,9,3,6,8,0,72,No,13.451060917180014,1,web
PhD,Together,66375.0,712,0,45,0,0,191,3,2,4,5,7,0,75,Yes,12.83504449007529,1,store
Master,Married,35178.0,23,1,13,2,2,18,1,1,1,2,7,0,52,Yes,13.697467488021903,1,store
College Graduate,Married,25252.0,1,3,4,2,2,6,1,1,0,2,8,0,37,No,13.196440793976729,1,store
Master,Single,55250.0,664,58,83,32,0,66,4,7,5,10,5,0,58,No,13.919233401779604,1,store
College Graduate,Single,33249.0,6,10,21,19,14,42,2,2,1,3,6,0,48,No,13.585215605749486,1,store
College Graduate,Together,58398.0,299,5,201,21,21,49,3,5,4,8,4,0,70,No,13.357973990417522,0,store
College Graduate,Together,50272.0,99,13,66,43,8,4,3,4,1,5,7,0,41,No,13.125256673511293,1,store
PhD,Married,76618.0,749,40,294,121,160,147,1,3,2,5,1,0,48,No,13.790554414784394,0,store
Technical School,Divorced,87305.0,345,25,501,63,138,80,1,5,3,8,2,0,63,Yes,13.995893223819301,0,store
College Graduate,Together,25851.0,9,4,18,7,5,5,2,2,0,3,7,0,45,No,13.609856262833675,1,store
College Graduate,Divorced,58710.0,440,81,368,0,122,174,6,11,5,9,6,0,53,No,13.478439425051334,1,web
College Graduate,Single,45160.0,8,2,5,3,0,3,1,1,0,2,7,0,65,No,12.484599589322382,2,store
Master,Married,74806.0,670,9,249,0,28,9,2,5,4,5,4,0,58,No,13.757700205338809,1,web
College Graduate,Married,59111.0,524,0,134,28,28,155,1,11,1,8,7,0,69,No,13.390828199863108,0,web
PhD,Married,18988.0,6,0,6,2,1,1,2,1,0,3,7,0,39,No,12.334017796030116,1,store
College Graduate,Married,72190.0,597,166,597,172,166,249,1,5,6,4,3,0,58,No,13.604380561259411,0,catalog
College Graduate,Married,7500.0,7,0,12,13,7,32,5,4,1,2,9,0,47,Yes,14.140999315537304,1,web
College Graduate,Married,44794.0,54,0,7,0,0,4,1,2,0,3,6,0,57,No,12.290212183436003,1,store
College Graduate,Married,80395.0,445,25,706,80,76,48,1,6,5,12,2,0,68,Yes,12.829568788501026,0,store
Master,Divorced,75012.0,294,142,218,164,58,151,1,3,8,11,1,0,47,No,12.657084188911705,0,store
Master,Married,56962.0,292,3,77,10,3,26,7,6,3,5,7,0,58,No,12.947296372347708,3,web
College Graduate,Together,89891.0,412,22,132,59,28,183,1,11,6,8,4,0,32,Yes,13.437371663244353,0,web
PhD,Divorced,35946.0,8,0,3,0,0,0,1,0,0,3,5,0,74,No,12.985626283367557,2,store
PhD,Together,53593.0,349,4,78,6,0,43,8,7,2,6,8,0,70,No,14.124572210814511,2,web
College Graduate,Married,66373.0,328,9,124,12,24,109,7,4,2,10,3,0,45,No,13.27857631759069,2,store
PhD,Divorced,45072.0,144,2,99,7,2,30,5,6,1,4,8,0,75,No,12.933607118412047,3,web
College Graduate,Divorced,89694.0,1126,28,211,37,28,42,3,4,3,4,5,0,50,Yes,12.952772073921972,2,web
College Graduate,Married,72025.0,967,0,617,43,50,0,1,4,8,13,2,0,74,Yes,12.399726214921287,0,store
College Graduate,Married,67432.0,432,79,341,177,136,170,2,8,5,4,4,0,50,No,13.483915126625599,1,web
Master,Together,70545.0,138,39,63,55,18,21,1,4,1,7,2,0,71,No,12.303901437371664,1,store
High School,Married,17487.0,0,0,1,7,4,6,1,1,0,2,7,0,34,No,13.514031485284052,1,store
College Graduate,Together,62882.0,509,133,497,78,24,97,2,7,5,6,4,0,54,No,14.119096509240247,1,web
PhD,Single,64108.0,948,10,86,13,21,21,4,6,9,11,5,0,70,No,13.500342231348391,1,store
Master,Together,34941.0,39,2,25,4,3,24,2,3,0,3,8,0,67,No,13.546885694729637,2,web
PhD,Single,48767.0,28,1,21,3,0,10,3,2,1,3,5,0,73,No,12.722792607802875,3,store
Technical School,Together,38702.0,13,11,24,13,8,40,2,3,0,4,6,0,45,No,13.141683778234086,1,store
College Graduate,Married,82224.0,307,26,360,138,31,40,1,6,9,5,3,0,59,Yes,12.657084188911705,0,catalog
College Graduate,Together,83844.0,901,31,345,75,31,191,1,4,4,11,1,0,71,Yes,13.363449691991786,0,store
Technical School,Married,17003.0,2,5,12,4,8,7,3,2,0,4,5,0,48,No,12.785763175906913,1,store
College Graduate,Single,71163.0,283,17,372,138,106,44,1,3,8,12,1,0,28,No,12.539356605065024,0,store
College Graduate,Single,33697.0,4,3,7,0,3,11,1,1,0,2,7,0,53,Yes,13.018480492813142,1,store
Technical School,Married,63564.0,769,80,252,15,34,65,1,10,10,7,6,0,69,Yes,12.646132785763175,0,web
PhD,Together,83443.0,518,42,742,55,56,84,1,6,10,5,2,0,51,No,12.725530458590006,0,catalog
PhD,Together,51518.0,350,8,66,17,4,4,2,3,2,10,3,0,65,No,12.969199178644764,1,store
College Graduate,Widow,58330.0,445,53,213,104,98,151,1,6,4,13,4,0,48,No,12.7419575633128,1,store
College Graduate,Married,80952.0,778,178,689,41,27,44,1,8,5,11,8,0,54,Yes,13.56331279945243,0,store
College Graduate,Together,75507.0,709,93,374,104,80,80,1,8,6,6,3,0,44,No,12.39151266255989,0,web
Technical School,Together,63855.0,359,35,314,93,116,89,1,7,3,13,4,0,45,No,13.61533196440794,0,store
PhD,Together,62220.0,799,12,375,16,12,12,5,7,6,5,6,0,51,Yes,14.113620807665983,1,web
College Graduate,Married,58512.0,895,10,101,13,0,152,5,3,4,8,8,0,59,No,13.007529089664613,1,store
Master,Married,40662.0,40,2,23,0,4,23,2,2,1,3,4,0,44,No,13.522245037645447,1,store
PhD,Married,38829.0,76,0,7,0,0,16,1,3,2,2,5,0,64,No,12.462696783025326,1,web
Technical School,Married,35523.0,11,5,22,12,5,11,2,3,0,3,7,0,42,No,12.969199178644764,1,web
College Graduate,Single,79146.0,245,16,223,21,43,16,2,8,1,8,6,0,56,No,12.413415468856947,2,web
Master,Married,78285.0,647,107,391,175,67,40,1,6,4,10,3,0,35,No,12.900752908966462,0,store
PhD,Single,31626.0,39,1,9,2,1,34,1,2,1,2,7,0,45,Yes,13.36892539356605,1,web
College Graduate,Single,75127.0,203,35,305,46,17,227,1,2,11,5,1,0,71,No,12.336755646817249,0,catalog
College Graduate,Married,48726.0,138,3,38,4,0,59,3,3,2,4,6,0,68,No,13.404517453798768,1,store
College Graduate,Married,74985.0,587,51,898,247,0,86,1,3,6,7,2,0,46,No,14.028747433264886,0,store
College Graduate,Together,67430.0,595,97,291,127,133,121,1,11,5,12,6,0,36,No,14.04517453798768,0,store
Technical School,Married,46891.0,43,12,23,29,15,61,1,2,1,4,4,0,58,No,13.05681040383299,1,store
Master,Married,62058.0,301,7,74,10,0,58,4,6,1,7,6,0,67,No,13.325119780971937,1,store
College Graduate,Married,72063.0,180,32,348,76,32,90,2,5,2,12,2,0,44,No,13.221081451060916,1,store
PhD,Married,78939.0,794,115,243,150,0,205,1,8,5,6,3,0,72,No,12.777549623545516,0,web
College Graduate,Single,42720.0,392,5,91,28,26,112,8,7,3,7,8,0,58,Yes,13.412731006160165,2,web
College Graduate,Married,33622.0,39,1,22,3,4,12,3,2,0,4,7,0,51,No,13.442847364818617,2,store
PhD,Together,6835.0,107,2,12,2,2,12,0,0,0,1,20,0,66,No,13.787816563997263,1,store
College Graduate,Together,41452.0,13,0,3,0,0,0,1,1,0,2,7,0,70,No,13.546885694729637,2,store
PhD,Single,40760.0,70,0,17,0,0,6,2,2,1,3,6,0,58,No,13.062286105407255,1,store
PhD,Together,74250.0,680,11,392,75,0,0,1,2,11,4,1,0,65,No,12.654346338124572,0,catalog
Master,Single,51124.0,26,1,11,0,1,4,2,1,0,3,3,0,68,No,12.761122518822724,2,store
College Graduate,Single,72258.0,522,0,522,227,120,134,2,6,9,5,2,0,52,No,13.026694045174539,1,catalog
PhD,Single,71466.0,412,12,546,78,182,0,1,4,4,10,1,0,49,No,12.465434633812457,0,store
College Graduate,Together,36283.0,6,5,5,8,0,5,2,1,0,3,4,0,47,No,12.44079397672827,2,store
College Graduate,Single,20587.0,2,3,6,4,1,9,1,1,1,2,7,0,53,No,12.366872005475702,1,store
College Graduate,Married,30467.0,1,3,8,2,5,5,1,1,0,2,7,0,51,No,12.511978097193703,1,store
College Graduate,Together,31590.0,6,2,15,6,6,3,1,1,0,3,8,0,51,No,13.262149212867898,1,store
High School,Married,20425.0,4,12,5,3,16,17,2,2,0,3,7,0,37,No,13.897330595482547,1,store
Master,Together,17144.0,18,2,19,0,2,6,5,3,0,4,7,0,63,No,12.59958932238193,2,store
PhD,Divorced,42564.0,324,48,186,39,18,198,6,6,8,4,7,0,55,Yes,13.71937029431896,1,catalog
Master,Married,43783.0,327,9,125,25,4,139,6,7,1,8,7,0,45,Yes,12.317590691307323,1,store
College Graduate,Divorced,40780.0,229,27,71,13,3,34,4,7,1,5,9,0,47,No,14.036960985626283,1,web
Master,Together,62847.0,521,168,706,80,76,61,1,3,6,4,2,0,78,No,13.683778234086242,0,catalog
PhD,Married,82017.0,184,23,446,30,23,23,1,5,4,7,2,0,66,Yes,13.872689938398358,0,store
College Graduate,Single,16813.0,4,8,11,12,2,13,1,2,0,3,7,0,73,Yes,13.177275838466803,0,store
College Graduate,Married,51267.0,183,2,64,7,2,12,4,3,3,5,4,0,45,No,12.898015058179329,2,store
College Graduate,Single,46524.0,31,19,35,26,14,52,2,1,1,5,3,0,62,No,13.464750171115675,1,store
Master,Single,45183.0,219,3,60,12,9,12,1,4,1,7,7,0,61,Yes,13.670088980150581,0,store
PhD,Married,70421.0,479,28,136,75,14,35,3,10,3,7,6,0,69,No,12.235455167693361,1,web
Technical School,Divorced,60161.0,584,44,212,46,8,177,3,11,4,8,8,0,58,No,13.91375770020534,1,web
College Graduate,Together,73926.0,627,91,597,159,91,15,1,6,5,12,3,0,50,No,13.557837097878165,0,store
College Graduate,Married,19329.0,24,1,16,12,2,5,3,4,0,3,8,0,55,No,12.772073921971252,1,web
Master,Married,61872.0,330,5,159,36,27,16,4,4,4,9,4,0,53,No,12.774811772758385,1,store
College Graduate,Widow,46984.0,19,1,10,2,1,8,1,1,0,3,5,0,67,No,13.492128678986996,2,store
College Graduate,Married,34838.0,28,23,29,29,14,47,3,2,1,4,6,0,72,No,13.672826830937714,2,store
PhD,Single,82716.0,606,148,228,15,148,22,1,6,8,13,2,0,79,No,12.878850102669405,0,store
College Graduate,Married,48192.0,1039,43,204,153,58,29,3,2,8,12,8,0,65,Yes,13.462012320328542,0,store
Master,Married,49681.0,411,0,26,0,0,21,6,7,1,7,7,0,47,No,12.881587953456537,2,web
Master,Married,56850.0,34,1,19,2,7,0,1,1,1,3,2,0,52,No,12.501026694045175,1,store
College Graduate,Married,55267.0,161,28,136,32,3,45,4,3,4,6,3,0,66,No,12.919917864476385,1,store
College Graduate,Married,59666.0,623,53,178,23,17,133,7,3,2,8,8,0,51,Yes,13.503080082135524,2,store
College Graduate,Single,72504.0,604,26,470,123,161,94,2,5,9,6,2,0,51,No,13.462012320328542,1,catalog
College Graduate,Married,26872.0,3,10,8,3,16,32,1,1,1,2,6,0,42,No,12.933607118412047,0,store
College Graduate,Single,21359.0,12,2,17,6,1,10,2,2,0,3,8,0,51,Yes,13.423682409308693,1,store
College Graduate,Single,73170.0,184,174,256,50,30,32,1,5,4,6,2,0,48,No,12.31211498973306,0,store
Master,Married,52750.0,393,0,239,90,69,69,6,5,7,9,4,0,68,No,13.6290212183436,1,store
PhD,Together,91820.0,410,73,747,76,161,30,0,5,5,12,1,0,37,No,12.829568788501026,0,store
PhD,Together,65968.0,376,9,83,19,4,4,2,5,4,7,3,0,53,No,12.36413415468857,1,store
College Graduate,Married,30772.0,7,2,4,2,1,4,1,1,0,2,6,0,47,No,12.531143052703628,2,store
College Graduate,Single,22507.0,68,0,226,51,157,68,3,10,2,4,9,0,69,No,13.826146475017111,0,web
College Graduate,Married,65685.0,642,14,49,0,7,57,1,9,2,9,5,0,51,No,12.484599589322382,1,web
Technical School,Married,25804.0,8,7,9,13,6,12,2,2,0,3,8,0,45,No,13.05681040383299,1,store
PhD,Single,76412.0,840,53,804,23,71,17,1,5,4,8,3,0,43,Yes,13.382614647501711,0,store
College Graduate,Married,22063.0,7,10,13,3,11,11,2,2,0,3,7,0,51,No,13.122518822724162,1,store
College Graduate,Single,57091.0,464,5,64,7,0,37,1,7,3,7,5,0,62,Yes,12.271047227926077,0,web
College Graduate,Married,22419.0,30,3,47,19,21,42,1,3,2,2,8,0,60,No,13.429158110882957,0,web
College Graduate,Together,87771.0,1492,38,287,50,57,33,1,5,10,4,6,0,64,Yes,13.336071184120465,1,catalog
Technical School,Divorced,78353.0,752,122,476,39,153,34,1,10,2,11,8,0,64,No,13.434633812457221,1,store
College Graduate,Married,93404.0,1279,15,287,20,0,15,3,3,4,7,5,0,69,Yes,13.377138945927447,3,store
College Graduate,Divorced,37859.0,22,1,8,2,1,2,2,1,0,3,8,0,61,No,13.69199178644764,3,store
PhD,Widow,80995.0,860,28,409,73,56,56,1,8,9,4,4,0,65,No,13.366187542778919,1,catalog
College Graduate,Together,16529.0,3,0,5,13,0,1,1,1,0,3,6,0,39,No,12.56125941136208,1,store
PhD,Divorced,55412.0,10,5,28,11,1,8,1,2,0,3,5,0,47,No,12.83230663928816,2,store
College Graduate,Single,48789.0,351,16,156,7,5,145,1,6,4,7,6,0,31,No,14.03148528405202,0,store
PhD,Together,56575.0,421,5,90,0,16,10,3,7,3,7,5,0,56,No,13.382614647501711,2,web
Technical School,Together,25130.0,2,5,7,0,18,18,2,2,0,3,7,0,43,No,12.971937029431896,1,store
College Graduate,Married,35441.0,25,1,9,2,1,1,2,1,0,3,8,0,56,No,13.60164271047228,2,store
College Graduate,Married,71391.0,336,123,274,46,123,141,5,6,5,12,3,0,67,No,13.483915126625599,1,store
Master,Single,49494.0,191,9,97,0,6,82,2,6,1,5,7,0,51,No,13.409993155373032,1,web
College Graduate,Divorced,81702.0,563,50,774,28,31,187,1,7,7,12,3,0,43,No,13.995893223819301,0,store
Technical School,Single,45889.0,31,0,6,0,1,8,1,1,0,3,6,0,43,No,13.22381930184805,1,store
College Graduate,Single,56628.0,479,5,82,7,17,171,2,7,6,5,5,0,46,Yes,12.506502395619439,1,web
College Graduate,Together,34026.0,18,6,15,12,8,17,3,2,1,3,5,0,73,No,13.130732375085557,2,store
College Graduate,Married,40049.0,91,65,52,10,44,28,3,3,2,6,5,0,49,No,13.81245722108145,1,store
College Graduate,Single,34176.0,5,7,24,19,14,20,4,3,0,4,6,0,35,No,12.36413415468857,1,store
College Graduate,Married,19419.0,2,14,28,16,3,7,4,4,0,3,9,0,42,No,13.86447638603696,1,web
Technical School,Married,82504.0,362,50,431,134,35,54,1,3,6,7,1,0,63,No,13.155373032169747,0,store
College Graduate,Together,81205.0,724,74,929,97,55,130,1,5,6,7,2,0,53,Yes,12.68993839835729,0,store
Technical School,Single,61618.0,605,91,399,0,45,205,2,3,6,8,3,0,32,No,13.979466119096509,0,store
Master,Single,55284.0,547,7,140,0,7,63,3,7,5,8,5,0,67,No,13.744010951403148,1,store
College Graduate,Single,49980.0,104,1,54,13,9,14,2,3,1,5,5,0,60,No,12.914442162902121,1,store
College Graduate,Married,15072.0,8,2,15,0,10,18,4,3,1,3,5,0,43,No,13.36892539356605,2,web
College Graduate,Single,49166.0,224,2,25,7,0,110,2,5,3,3,6,0,49,No,13.27583846680356,1,web
PhD,Married,65324.0,384,0,102,21,32,5,3,6,2,9,4,0,69,No,12.695414099931554,1,store
Technical School,Married,82347.0,556,54,845,202,133,63,1,7,7,10,3,0,66,Yes,13.875427789185489,0,store
PhD,Together,30843.0,24,0,2,0,0,9,2,1,1,2,5,0,57,Yes,12.32580424366872,2,store
PhD,Married,46374.0,408,0,21,0,0,17,3,7,1,7,8,0,49,Yes,12.517453798767967,1,web
College Graduate,Single,60474.0,265,199,303,234,9,170,7,10,2,12,7,0,44,No,13.475701574264203,1,store
Master,Married,38576.0,34,0,7,0,0,0,1,1,0,3,7,0,50,No,12.553045859000685,1,store
College Graduate,Married,55357.0,374,64,116,84,25,64,3,6,2,11,5,0,38,No,13.587953456536619,2,store
College Graduate,Together,37758.0,27,2,10,0,0,1,2,1,0,3,8,0,57,No,13.96577686516085,2,store
Technical School,Married,85710.0,600,20,350,29,30,33,1,6,9,10,2,0,34,Yes,13.382614647501711,0,store
College Graduate,Together,23228.0,13,2,18,6,1,0,2,2,0,3,8,0,54,No,12.654346338124572,1,store
Master,Together,44602.0,167,2,89,0,0,34,6,6,1,4,8,0,54,No,12.59958932238193,2,web
College Graduate,Married,7500.0,0,2,3,4,1,5,1,0,0,3,6,0,36,No,13.700205338809035,0,store
Technical School,Together,38683.0,46,35,69,84,41,66,6,4,1,6,7,0,34,No,13.96577686516085,1,store
Technical School,Single,49514.0,88,39,78,58,13,93,2,6,1,4,7,0,48,No,12.763860369609857,1,web
PhD,Together,57906.0,243,11,119,10,3,15,3,4,2,8,4,0,50,No,13.281314168377824,1,store
Master,Single,43456.0,275,11,68,25,7,7,3,5,1,8,5,0,57,No,13.492128678986996,1,store
Master,Single,19485.0,6,0,4,0,0,0,1,1,0,2,7,0,37,No,12.993839835728952,2,store
College Graduate,Together,53172.0,121,62,90,68,20,125,3,2,3,8,3,0,45,No,13.379876796714578,1,store
College Graduate,Together,30545.0,4,12,15,19,7,12,2,2,0,3,7,0,44,No,13.930184804928132,1,store
PhD,Together,70123.0,1308,0,396,23,0,0,1,5,7,4,3,0,40,Yes,12.982888432580424,0,catalog
College Graduate,Single,62450.0,515,47,267,62,66,38,2,5,5,4,3,0,64,Yes,12.709103353867214,1,web
College Graduate,Together,21675.0,4,0,16,17,4,4,3,4,0,3,7,0,47,No,12.281998631074606,1,web
Technical School,Single,42395.0,48,13,57,24,15,25,4,3,1,4,7,0,42,No,12.46817248459959,2,store
Master,Together,61346.0,562,58,168,43,16,142,1,5,7,10,3,0,45,No,12.960985626283367,1,store
College Graduate,Together,80812.0,769,22,500,210,143,33,1,4,8,5,2,0,70,Yes,13.013004791238878,0,catalog
Master,Divorced,42835.0,379,4,93,12,9,98,7,6,6,4,6,0,52,No,13.229295003422314,2,web
College Graduate,Married,39922.0,29,12,59,19,1,36,2,3,0,4,8,0,40,No,13.60164271047228,1,store
Master,Single,86424.0,387,68,569,89,45,68,1,6,9,12,1,0,67,No,12.465434633812457,0,store
Technical School,Together,17117.0,12,23,38,30,18,7,4,3,1,3,9,0,45,No,13.678302532511978,1,web
College Graduate,Single,24762.0,6,10,12,3,15,40,3,3,1,2,8,0,51,Yes,12.61327857631759,1,web
College Graduate,Married,35797.0,27,1,14,4,1,21,2,2,0,3,8,0,48,No,13.932922655715263,1,store
College Graduate,Divorced,36627.0,9,1,5,0,0,1,1,0,0,3,5,0,48,No,13.166324435318275,2,store
Technical School,Married,51111.0,22,0,19,6,5,3,2,2,0,3,6,0,42,No,12.260095824777549,2,store
PhD,Single,86857.0,899,102,838,133,102,40,1,5,6,10,2,0,51,Yes,14.026009582477755,0,store
PhD,Together,82072.0,889,55,685,168,92,129,1,3,2,13,1,0,53,No,13.22381930184805,0,store
PhD,Single,46231.0,189,2,55,0,5,12,4,6,1,4,9,0,70,No,13.820670773442847,3,web
College Graduate,Married,42243.0,48,0,2,0,0,5,2,2,0,3,7,0,64,No,12.780287474332649,2,store
College Graduate,Together,51195.0,230,14,156,82,24,58,8,9,2,5,8,0,61,No,13.475701574264203,2,web
Master,Single,68092.0,852,60,207,78,36,48,2,2,6,10,5,0,45,No,12.766598220396988,0,store
College Graduate,Married,31814.0,35,3,20,4,1,20,2,2,0,3,9,0,50,Yes,13.61533196440794,1,store
Master,Widow,51390.0,205,20,47,23,2,56,6,5,2,5,5,0,58,No,14.036960985626283,2,web
College Graduate,Married,76630.0,255,31,446,40,56,175,1,3,10,11,1,0,40,No,12.687200547570157,0,store
High School,Single,26868.0,0,0,1,8,3,2,1,1,0,2,7,0,32,No,12.396988364134154,1,store
PhD,Divorced,48948.0,437,8,206,160,49,42,2,7,10,5,6,0,80,Yes,13.637234770704996,0,catalog
PhD,Single,55260.0,825,8,53,11,0,242,2,8,10,5,6,0,51,No,13.776865160848734,1,catalog
College Graduate,Together,64090.0,316,58,161,76,51,135,1,6,9,4,5,0,67,Yes,13.125256673511293,1,catalog
College Graduate,Divorced,78331.0,756,138,354,160,169,61,2,10,6,7,4,0,65,No,12.66255989048597,1,web
PhD,Married,37087.0,194,55,134,15,0,3,3,4,2,8,6,0,49,No,13.114305270362765,1,store
College Graduate,Divorced,21846.0,7,17,18,6,10,26,4,4,0,3,8,0,37,No,12.917180013689254,1,web
College Graduate,Married,81320.0,183,33,493,59,103,57,1,4,3,10,2,0,65,No,13.623545516769337,0,store
College Graduate,Divorced,54137.0,171,0,11,0,1,20,2,4,1,4,6,0,53,No,13.100616016427105,1,web
College Graduate,Together,66825.0,243,101,405,29,40,40,1,4,5,6,2,0,56,No,13.190965092402465,0,store
College Graduate,Together,57100.0,181,21,69,39,3,96,1,3,3,6,3,0,50,No,12.799452429842573,0,store
College Graduate,Together,58917.0,151,7,89,0,7,28,5,4,1,6,5,0,54,No,13.49760438056126,3,store
College Graduate,Single,85072.0,494,92,391,194,11,241,1,3,4,10,0,0,46,No,12.454483230663929,0,store
College Graduate,Single,86429.0,464,28,873,29,18,37,0,7,4,7,2,0,62,Yes,12.83504449007529,0,web
College Graduate,Widow,45684.0,5,1,5,10,0,7,1,1,0,2,7,0,52,No,12.804928131416839,1,store
College Graduate,Together,47889.0,29,0,29,0,5,4,1,2,0,3,5,0,49,No,12.714579055441478,1,store
PhD,Married,45921.0,102,9,49,24,3,12,1,2,1,6,4,0,37,No,12.536618754277892,0,store
PhD,Single,78420.0,604,28,674,91,28,28,1,3,10,8,1,0,57,No,13.232032854209445,0,catalog
College Graduate,Together,75114.0,571,12,523,63,60,24,1,3,10,5,2,0,31,No,12.873374401095141,0,catalog
PhD,Widow,52278.0,953,0,71,0,0,174,6,10,5,10,8,0,60,Yes,13.656399726214921,1,web
Master,Married,35641.0,63,3,67,8,9,28,2,3,1,4,7,0,51,Yes,13.190965092402465,1,store
College Graduate,Single,95529.0,770,29,890,250,27,24,1,7,3,7,3,0,29,Yes,13.801505817932922,0,web
College Graduate,Married,62820.0,398,61,265,138,61,53,1,3,4,6,1,0,69,No,13.366187542778919,0,store
Master,Together,73113.0,741,19,154,50,9,28,1,3,4,7,2,0,63,No,12.739219712525667,0,store
PhD,Married,84169.0,1478,19,403,0,19,0,1,7,6,6,3,0,41,Yes,13.125256673511293,0,web
Technical School,Single,42607.0,156,29,56,30,32,47,2,3,2,7,3,0,69,No,12.845995893223819,1,store
PhD,Single,74637.0,960,64,464,146,0,16,1,6,9,9,3,0,69,Yes,13.347022587268993,0,catalog
PhD,Together,46015.0,38,0,2,0,0,6,1,1,0,3,7,0,68,Yes,12.4435318275154,2,store
College Graduate,Single,72354.0,315,26,473,220,12,182,1,2,10,6,1,0,30,No,13.431895961670088,0,catalog
Master,Single,39858.0,15,20,25,2,7,26,1,2,0,4,6,0,54,Yes,13.659137577002053,1,store
PhD,Married,34469.0,19,6,20,0,5,12,3,1,1,4,4,0,75,No,12.386036960985626,2,store
College Graduate,Together,83033.0,812,99,431,237,149,33,1,11,4,10,5,0,37,Yes,12.347707049965777,1,web
Master,Together,24401.0,73,28,217,10,24,115,3,6,1,6,8,0,44,No,14.05886379192334,0,web
College Graduate,Married,77583.0,372,23,384,250,12,108,1,4,5,9,2,0,45,Yes,12.61327857631759,0,store
Technical School,Single,74116.0,871,111,704,145,55,166,1,4,4,10,2,0,41,Yes,12.728268309377139,0,store
College Graduate,Single,74293.0,375,152,335,93,91,81,1,5,4,6,2,0,30,No,12.386036960985626,0,store
PhD,Married,68397.0,760,80,466,17,13,80,1,6,9,5,3,0,47,No,12.845995893223819,1,catalog
PhD,Together,79632.0,471,0,510,99,21,12,1,6,4,9,2,0,49,No,12.457221081451062,0,store
College Graduate,Single,46107.0,31,9,27,16,9,33,1,1,1,4,3,0,34,No,12.61327857631759,1,store
PhD,Single,64950.0,819,0,72,12,0,63,2,11,2,10,7,0,72,Yes,14.11088295687885,1,web
High School,Married,25443.0,1,4,3,8,9,7,1,1,0,3,8,0,34,No,13.749486652977414,1,store
College Graduate,Single,75127.0,203,35,305,46,17,227,1,2,11,5,1,0,71,No,12.336755646817249,0,catalog
PhD,Together,32892.0,26,0,15,2,1,2,2,3,0,3,8,0,52,No,12.328542094455852,1,web
College Graduate,Together,71796.0,354,21,311,167,75,32,1,9,3,4,4,0,52,No,12.91170431211499,0,web
PhD,Married,67536.0,1253,0,447,23,71,35,3,11,5,11,8,0,53,Yes,13.336071184120465,1,web
College Graduate,Single,55239.0,371,17,238,23,24,106,3,7,5,11,5,0,52,No,13.190965092402465,1,store
PhD,Divorced,60554.0,588,7,76,110,15,15,2,8,4,9,6,0,48,No,13.119780971937029,1,store
Technical School,Single,64831.0,480,86,249,75,86,144,8,6,3,5,6,0,71,No,13.284052019164955,2,web
PhD,Together,56067.0,517,12,54,16,6,120,2,7,4,7,5,0,61,No,13.174537987679672,1,web
College Graduate,Divorced,82025.0,267,98,606,48,70,98,1,3,2,6,1,0,40,Yes,13.319644079397673,0,store
College Graduate,Together,94384.0,1111,24,790,160,45,172,0,5,8,5,2,0,70,Yes,13.552361396303901,0,catalog
High School,Single,14906.0,7,7,14,7,16,15,3,2,1,3,7,0,37,No,13.749486652977414,0,store
PhD,Married,51563.0,1166,0,48,0,0,36,1,4,4,10,8,0,36,Yes,13.973990417522245,0,store
Technical School,Married,57937.0,261,42,144,55,48,133,3,4,4,9,3,0,41,No,12.596851471594798,1,store
College Graduate,Divorced,68274.0,135,25,51,23,25,46,2,4,2,5,3,0,44,No,12.97741273100616,2,store
College Graduate,Together,39771.0,6,2,18,2,8,14,1,2,0,3,4,0,46,No,12.793976728268309,1,store
Technical School,Divorced,67893.0,711,28,142,49,18,47,2,3,2,9,8,0,48,No,13.973990417522245,1,store
PhD,Together,27922.0,11,0,13,2,4,11,1,2,0,3,4,0,44,No,12.369609856262834,1,store
PhD,Together,52190.0,42,0,17,0,0,18,3,2,1,3,5,0,47,Yes,12.375085557837098,2,store
Master,Divorced,44051.0,79,7,58,6,3,18,4,3,1,4,6,0,50,Yes,13.645448323066393,2,store
PhD,Single,42767.0,20,6,43,19,5,38,1,3,1,2,8,0,52,No,13.366187542778919,2,web
Master,Together,46106.0,30,0,8,2,0,14,1,1,1,2,6,0,47,No,12.366872005475702,2,store
PhD,Married,16927.0,20,2,23,3,1,4,5,3,0,4,8,0,47,No,13.612594113620808,2,store
College Graduate,Married,59754.0,115,27,44,4,146,139,3,5,2,6,5,0,58,Yes,13.806981519507186,1,store
College Graduate,Single,53700.0,263,5,233,69,41,83,4,5,5,8,5,0,71,No,14.097193702943189,1,store
College Graduate,Married,59041.0,69,2,15,2,2,6,2,2,0,4,5,0,50,No,12.37782340862423,2,store
PhD,Divorced,54237.0,267,3,30,4,0,57,4,5,2,5,6,0,66,No,13.404517453798768,1,web
College Graduate,Divorced,70647.0,561,85,171,25,123,114,2,4,7,13,2,0,56,No,14.001368925393566,1,store
PhD,Single,52597.0,492,0,37,7,0,42,3,6,3,8,5,0,61,No,12.37782340862423,1,store
Master,Together,41021.0,14,7,9,6,16,12,2,2,0,3,6,0,54,Yes,13.727583846680355,1,store
PhD,Married,40233.0,80,4,46,0,17,2,5,2,1,5,6,0,48,No,12.93908281998631,1,store
College Graduate,Married,50183.0,97,12,84,13,10,15,7,3,1,6,5,0,43,No,12.243668720054757,2,store
College Graduate,Together,54753.0,197,107,227,7,59,131,3,5,2,11,4,0,64,No,13.026694045174539,1,store
College Graduate,Married,92955.0,693,21,925,31,24,84,1,6,7,9,2,0,50,Yes,13.092402464065708,0,store
College Graduate,Married,33471.0,43,2,27,0,9,12,3,3,0,4,7,0,50,No,13.943874058863791,1,store
PhD,Married,34596.0,14,0,2,0,0,7,1,1,0,2,8,0,49,Yes,13.442847364818617,1,store
College Graduate,Together,44010.0,186,36,234,86,72,48,6,10,2,6,9,0,43,No,13.94113620807666,1,web
College Graduate,Married,84219.0,434,137,400,45,137,45,1,3,4,10,1,0,35,No,12.635181382614647,0,store
PhD,Together,40706.0,59,0,11,4,2,5,4,3,0,4,7,0,55,No,13.678302532511978,3,store
Technical School,Married,15716.0,16,5,30,8,7,26,3,3,0,4,8,1,35,No,13.859000684462696,1,store
Technical School,Divorced,59052.0,230,35,75,63,57,31,3,7,1,7,5,0,64,No,12.845995893223819,1,web
Master,Together,80573.0,829,138,430,60,92,15,1,4,6,13,2,0,52,No,13.938398357289527,0,store
College Graduate,Married,83715.0,318,8,407,150,35,8,1,2,8,13,0,0,61,No,12.632443531827516,0,store
Master,Together,82576.0,1206,55,445,168,18,18,1,2,4,12,1,0,64,Yes,14.140999315537304,0,store
Master,Married,56962.0,292,3,77,10,3,26,7,6,3,5,7,0,58,No,12.947296372347708,3,web
College Graduate,Married,35704.0,30,9,12,2,11,30,3,2,0,4,4,0,71,No,12.71731690622861,2,store
College Graduate,Together,53103.0,729,17,133,11,0,195,5,10,6,7,7,0,69,Yes,13.026694045174539,1,web
Technical School,Widow,46779.0,12,1,3,0,0,7,1,0,1,2,4,0,63,No,13.196440793976729,2,store
College Graduate,Divorced,4861.0,2,1,1,1,0,1,0,0,0,0,14,0,58,No,12.251882272416154,0,web
Master,Divorced,33462.0,22,3,18,0,0,11,1,2,0,3,7,0,44,No,13.125256673511293,1,store
College Graduate,Divorced,63693.0,587,43,337,42,87,54,3,11,6,9,6,0,45,No,12.93908281998631,1,web
College Graduate,Married,80763.0,674,168,108,192,42,231,1,5,11,6,3,0,73,Yes,13.103353867214237,0,catalog
PhD,Married,65352.0,284,3,84,4,7,23,2,4,2,8,4,0,49,No,13.086926762491444,1,store
PhD,Married,82170.0,1023,93,651,49,55,37,1,5,6,7,2,0,45,No,12.824093086926762,0,store
College Graduate,Married,75759.0,1394,22,708,89,91,182,1,9,7,9,5,0,54,Yes,12.908966461327857,0,web
Technical School,Single,79689.0,311,26,640,180,37,121,1,4,9,13,2,0,47,No,13.363449691991786,0,store
PhD,Widow,35340.0,27,0,12,0,1,5,2,2,0,3,5,0,67,No,12.232717316906228,2,store
College Graduate,Divorced,85683.0,1296,17,311,45,69,51,1,2,4,10,1,0,69,Yes,12.506502395619439,0,store
Technical School,Married,24884.0,3,6,7,0,0,3,1,0,0,3,7,0,51,No,13.81245722108145,1,store
Master,Together,42021.0,393,5,136,7,5,27,5,10,1,6,9,0,42,Yes,14.05886379192334,1,web
College Graduate,Single,64449.0,218,63,282,137,35,70,4,5,3,12,4,0,34,No,12.591375770020534,1,store
College Graduate,Divorced,64587.0,66,0,16,0,6,20,2,1,1,4,3,0,69,No,12.251882272416154,2,store
College Graduate,Single,34824.0,4,2,11,2,0,4,1,1,0,2,6,0,28,No,12.492813141683778,0,store
College Graduate,Together,75437.0,795,0,545,95,58,0,1,8,4,10,6,0,45,Yes,12.867898699520875,0,store
College Graduate,Together,26091.0,15,10,19,8,17,20,3,2,1,3,5,0,66,No,12.572210814510608,2,store
College Graduate,Married,52845.0,384,25,292,130,41,64,3,8,8,6,6,0,50,Yes,13.1088295687885,1,web
College Graduate,Divorced,46086.0,244,8,32,7,2,50,4,3,1,8,4,0,67,No,12.88432580424367,1,store
PhD,Widow,78028.0,158,19,288,25,0,38,1,6,4,9,7,0,67,Yes,14.03148528405202,1,store
PhD,Single,95169.0,1285,21,449,106,20,20,1,4,3,4,1,0,36,Yes,12.952772073921972,0,web
Technical School,Married,56337.0,349,16,144,28,5,182,5,8,5,4,8,0,42,Yes,13.489390828199863,2,web
College Graduate,Together,22434.0,4,12,11,3,13,15,2,2,0,3,8,0,36,No,13.604380561259411,1,store
PhD,Married,36930.0,223,2,31,0,2,39,5,5,2,4,8,0,69,No,13.349760438056126,1,web
College Graduate,Single,36130.0,157,43,127,68,56,37,6,3,8,4,4,0,69,Yes,13.634496919917865,1,catalog
Master,Married,65569.0,397,46,288,20,38,70,2,6,5,10,3,0,70,No,13.878165639972622,1,store
College Graduate,Together,83844.0,901,31,345,75,31,191,1,4,4,11,1,0,71,Yes,13.363449691991786,0,store
College Graduate,Married,19514.0,14,3,21,2,1,28,4,3,1,2,8,0,55,Yes,12.654346338124572,2,web
PhD,Single,36736.0,10,0,3,0,0,4,1,1,0,2,6,0,60,No,13.36892539356605,2,store
College Graduate,Together,77568.0,1230,0,396,232,178,158,1,10,2,8,5,0,44,Yes,14.075290896646132,1,web
PhD,Together,49187.0,81,1,31,2,1,0,1,1,1,5,2,0,47,No,12.695414099931554,1,store
College Graduate,Single,30168.0,154,20,66,0,12,27,7,6,1,4,9,0,45,No,13.544147843942506,1,web
Master,Together,34053.0,63,0,21,7,0,12,1,3,0,3,8,0,55,No,14.03148528405202,1,web
Master,Married,38196.0,30,0,11,0,0,3,3,2,0,4,5,0,52,No,12.429842573579739,2,store
Master,Married,59412.0,90,67,165,30,43,11,1,4,2,8,3,0,72,No,12.427104722792608,0,store
Technical School,Married,70924.0,635,114,254,132,152,76,1,6,6,7,3,0,58,Yes,12.459958932238193,0,store
College Graduate,Together,54165.0,127,4,73,15,6,11,1,2,1,7,2,0,54,No,13.319644079397673,0,store
College Graduate,Married,32300.0,13,3,6,6,5,6,1,1,0,3,8,0,50,No,13.716632443531827,1,store
College Graduate,Single,20180.0,18,42,24,15,20,18,1,2,1,4,7,0,47,No,13.585215605749486,0,store
College Graduate,Married,34961.0,45,2,26,4,1,1,3,3,1,3,7,0,50,No,12.260095824777549,1,web
PhD,Together,28440.0,38,1,24,0,0,0,1,2,0,3,8,0,49,No,13.210130047912388,1,store
PhD,Together,64504.0,986,36,168,16,0,108,7,11,3,4,7,0,70,Yes,13.552361396303901,3,web
Master,Together,33564.0,61,0,3,0,0,7,1,1,1,3,5,0,57,No,12.24640657084189,1,store
College Graduate,Married,17345.0,4,9,16,17,0,12,2,2,1,2,8,0,45,No,13.883641341546886,1,web
PhD,Married,56320.0,201,53,172,116,77,83,3,5,4,9,4,0,56,No,13.456536618754278,1,store
College Graduate,Single,28647.0,19,8,29,0,12,26,1,2,2,2,7,0,45,Yes,13.086926762491444,1,web
High School,Single,15038.0,4,8,11,19,12,26,2,2,1,2,9,0,36,No,13.645448323066393,1,web
PhD,Divorced,32173.0,18,0,2,0,0,2,1,1,0,3,4,0,65,No,13.141683778234086,1,store
Technical School,Together,68316.0,806,80,161,120,11,33,5,10,7,10,6,0,59,No,13.880903490759753,1,web
College Graduate,Together,74538.0,380,98,733,110,112,28,1,8,8,5,3,0,52,Yes,13.232032854209445,0,web
College Graduate,Single,91700.0,576,172,961,125,115,19,1,8,6,5,3,0,52,Yes,13.678302532511978,0,web
College Graduate,Together,68695.0,458,81,356,106,50,40,1,4,4,7,2,0,54,No,12.243668720054757,0,store
Technical School,Married,31056.0,5,10,13,3,8,16,1,1,0,3,8,0,46,No,13.664613278576317,1,store
College Graduate,Married,79593.0,350,60,568,110,133,145,1,5,6,7,2,0,50,Yes,12.36413415468857,0,store
College Graduate,Single,28071.0,39,33,130,41,26,44,2,5,1,5,8,0,43,No,14.064339493497604,0,web
PhD,Together,37334.0,26,1,16,2,2,15,4,3,0,4,4,0,65,No,12.569472963723477,2,store
Master,Single,46423.0,68,0,16,0,0,8,3,2,0,4,7,0,51,No,13.010266940451745,2,store
PhD,Married,37126.0,45,3,9,4,4,7,1,1,2,2,6,0,52,Yes,12.48186173853525,1,catalog
College Graduate,Married,47703.0,359,0,134,13,26,123,4,6,3,8,5,0,70,No,13.316906228610542,1,store
College Graduate,Married,61180.0,403,24,29,6,24,218,2,5,5,6,3,0,64,Yes,12.41615331964408,1,store
College Graduate,Married,38998.0,34,1,14,0,0,5,3,2,0,3,8,1,69,No,13.883641341546886,2,store
College Graduate,Single,8028.0,73,18,66,7,12,2,15,0,1,0,19,0,32,No,14.009582477754963,0,catalog
College Graduate,Together,76081.0,292,30,415,63,33,200,1,4,5,4,2,0,61,Yes,12.334017796030116,0,catalog
College Graduate,Together,34728.0,14,0,16,0,0,6,1,1,1,2,6,0,37,Yes,13.14715947980835,1,store
Master,Single,33168.0,80,1,37,0,1,3,3,2,1,4,7,0,58,No,13.94113620807666,1,store
Master,Married,33585.0,30,11,33,13,6,29,1,2,0,4,4,0,57,No,12.991101984941821,1,store
PhD,Married,77037.0,463,96,333,168,53,10,1,7,7,12,3,0,63,No,12.941820670773442,1,store
College Graduate,Together,35196.0,75,12,141,43,39,187,6,6,1,5,8,0,39,Yes,13.856262833675565,1,web
College Graduate,Married,44529.0,538,13,91,17,6,26,6,6,2,11,5,0,57,Yes,13.215605749486652,1,store
Technical School,Married,70924.0,635,114,254,132,152,76,1,6,6,7,3,0,58,Yes,12.459958932238193,0,store
PhD,Together,28764.0,8,0,3,0,0,1,1,1,0,2,8,0,57,Yes,12.2984257357974,2,store
PhD,Married,69098.0,1315,22,780,145,0,178,1,7,8,9,5,0,74,No,13.596167008898014,0,store
Technical School,Divorced,25959.0,4,2,12,7,5,26,2,1,2,2,6,0,53,Yes,13.60164271047228,2,catalog
Master,Married,27100.0,12,0,13,2,0,10,1,1,0,3,7,0,40,No,13.464750171115675,1,store
College Graduate,Single,70596.0,347,44,534,17,0,26,1,3,5,12,2,0,38,No,13.963039014373717,0,store
College Graduate,Married,42557.0,192,5,53,0,5,15,4,6,1,4,8,0,49,No,14.064339493497604,1,web
PhD,Married,53312.0,241,0,12,0,0,25,1,5,1,5,7,0,72,No,13.119780971937029,0,web
College Graduate,Single,72228.0,631,28,491,30,14,56,1,6,7,8,3,0,71,No,13.817932922655714,0,store
College Graduate,Together,67605.0,336,28,282,184,54,54,1,2,8,6,1,0,36,No,13.478439425051334,0,catalog
Master,Married,62845.0,1099,0,45,0,0,34,11,3,4,10,8,0,74,Yes,13.973990417522245,2,store
College Graduate,Together,65196.0,743,19,181,12,0,200,2,7,6,11,5,0,65,Yes,13.160848733744011,2,store
PhD,Single,42000.0,124,83,267,85,59,35,2,5,2,11,5,0,36,Yes,13.697467488021903,0,store
PhD,Divorced,35860.0,15,0,8,4,2,20,2,1,1,2,5,0,50,Yes,12.344969199178644,2,store
PhD,Married,65526.0,397,19,69,12,0,9,1,4,4,8,2,0,59,No,12.449007529089664,1,store
College Graduate,Married,16860.0,10,4,4,3,3,14,3,1,1,3,7,0,62,No,14.026009582477755,2,store
College Graduate,Single,83528.0,530,117,678,134,44,147,1,4,10,8,1,0,31,Yes,12.394250513347023,0,catalog
Technical School,Divorced,64176.0,1215,33,249,64,116,149,8,8,9,8,6,0,58,No,14.13552361396304,1,catalog
College Graduate,Divorced,22304.0,3,2,7,0,4,2,1,1,0,2,8,0,67,No,14.132785763175907,0,store
College Graduate,Married,67023.0,444,44,382,11,8,17,1,3,7,13,2,1,45,No,12.553045859000685,0,store
PhD,Together,32892.0,26,0,15,2,1,2,2,3,0,3,8,0,52,No,12.328542094455852,1,web
College Graduate,Together,70713.0,736,114,279,82,76,190,6,5,6,8,3,0,57,No,13.801505817932922,1,store
College Graduate,Together,59925.0,473,21,176,19,21,56,3,9,2,9,6,0,68,No,13.809719370294319,1,web
College Graduate,Married,39722.0,32,0,5,2,0,8,2,2,0,3,5,0,70,No,12.574948665297741,1,store
College Graduate,Together,46610.0,288,10,30,4,10,125,1,6,1,6,6,0,65,No,13.180013689253936,0,web
College Graduate,Together,88347.0,1050,178,555,77,138,118,1,4,7,9,1,0,62,Yes,13.221081451060916,0,store
PhD,Married,87171.0,1001,44,107,58,44,44,1,6,7,11,2,0,42,Yes,13.39356605065024,0,store
Technical School,Together,26907.0,9,1,7,0,3,2,2,1,0,3,7,0,47,No,13.089664613278575,2,store
Master,Single,50014.0,234,14,77,19,10,42,2,4,1,8,5,0,55,No,12.6652977412731,1,store
PhD,Married,41014.0,7,2,6,2,0,3,1,1,0,2,7,0,45,No,13.418206707734429,1,store
College Graduate,Single,66294.0,251,108,334,65,92,117,1,4,3,5,2,0,58,No,12.517453798767967,0,store
College Graduate,Married,36715.0,172,10,125,21,13,16,6,7,2,4,9,0,52,Yes,13.845311430527037,1,web
College Graduate,Married,79456.0,565,42,548,64,83,99,1,5,6,4,3,0,67,Yes,14.08350444900753,0,catalog
College Graduate,Together,40479.0,5,0,8,2,0,0,1,0,0,3,4,0,41,No,13.097878165639973,1,store
Master,Single,75345.0,918,57,842,99,38,133,1,5,8,6,3,0,53,Yes,13.634496919917865,0,catalog
College Graduate,Married,54233.0,652,8,158,21,0,142,4,11,6,5,8,0,46,No,13.6290212183436,1,web
College Graduate,Single,24163.0,4,1,7,2,1,2,2,1,0,3,4,0,53,No,12.944558521560575,2,store
PhD,Together,84460.0,152,27,103,106,54,81,0,9,9,4,5,0,65,Yes,13.713894592744696,0,web
College Graduate,Together,43776.0,8,0,9,2,1,3,1,1,0,2,6,0,40,No,12.388774811772759,1,store
PhD,Single,71691.0,336,130,411,240,32,43,1,4,7,5,2,0,65,Yes,12.517453798767967,0,catalog
PhD,Married,85844.0,938,19,843,25,95,38,1,6,6,7,2,0,50,Yes,12.317590691307323,0,store
PhD,Single,39190.0,68,8,18,19,8,12,2,2,1,4,5,0,49,No,12.407939767282683,1,store
College Graduate,Together,71367.0,227,23,389,42,21,75,1,4,5,7,2,0,64,No,13.08145106091718,0,store
PhD,Single,38578.0,38,4,22,3,3,3,3,3,0,3,8,0,51,No,13.25119780971937,2,web
PhD,Married,57236.0,105,0,9,2,1,4,3,2,1,4,3,0,58,No,12.531143052703628,2,store
College Graduate,Single,61825.0,162,50,100,55,30,27,1,4,2,8,4,0,44,No,13.125256673511293,1,store
College Graduate,Divorced,79803.0,574,8,216,21,16,33,1,4,3,5,1,0,65,No,12.306639288158795,1,store
Technical School,Single,80910.0,160,80,369,67,39,41,1,3,3,8,1,0,37,No,13.891854893908283,0,store
Master,Together,27590.0,6,0,5,0,0,1,1,1,0,2,7,0,41,No,13.415468856947296,1,store
College Graduate,Married,56775.0,614,35,160,58,35,35,2,5,8,10,5,0,44,No,13.71937029431896,1,store
College Graduate,Divorced,83829.0,897,161,430,186,161,27,0,4,7,6,1,0,48,Yes,12.955509924709103,0,catalog
Technical School,Married,54210.0,70,54,109,80,9,45,2,4,1,7,5,0,44,No,13.34154688569473,1,store
College Graduate,Married,38508.0,120,19,206,25,19,54,6,7,2,5,8,0,37,No,13.138945927446954,1,web
College Graduate,Together,53187.0,211,2,30,7,7,10,2,4,1,6,5,0,53,No,12.906228610540726,1,store
College Graduate,Married,30023.0,11,0,16,7,6,21,1,2,0,3,8,0,51,No,12.498288843258042,1,store
PhD,Single,76045.0,760,53,400,17,93,0,1,4,5,11,2,0,63,Yes,12.851471594798083,0,store
PhD,Married,50870.0,53,0,8,0,0,2,1,2,0,3,5,0,71,No,12.260095824777549,1,store
Technical School,Married,15315.0,7,4,13,15,8,17,2,2,0,4,5,0,53,No,13.136208076659821,0,store
Technical School,Married,65463.0,391,32,70,21,32,16,2,6,2,9,5,0,49,Yes,12.643394934976044,1,store
College Graduate,Married,66480.0,199,9,57,20,21,6,7,4,1,7,4,0,58,No,12.31211498973306,2,store
College Graduate,Divorced,76773.0,516,56,449,86,33,16,1,2,2,11,1,0,69,No,13.571526351813826,0,store
Technical School,Single,81698.0,709,45,115,30,160,45,1,8,2,5,5,0,40,Yes,13.560574948665298,0,web
PhD,Single,54466.0,12,0,4,0,0,0,1,1,0,2,5,0,50,No,12.616016427104723,2,store
Master,Single,98777.0,1000,19,711,125,115,38,0,4,6,9,1,0,63,Yes,12.594113620807667,0,store
PhD,Single,16269.0,19,3,18,3,1,0,3,3,0,3,8,0,39,No,13.062286105407255,1,web
College Graduate,Together,71819.0,1224,28,140,0,14,168,3,3,3,5,6,0,52,Yes,13.067761806981519,1,store
PhD,Married,33569.0,16,2,18,3,0,24,1,1,1,2,8,0,40,Yes,12.933607118412047,1,store
Master,Married,36262.0,88,39,54,64,28,153,1,3,5,3,6,0,40,Yes,13.00479123887748,0,catalog
High School,Together,22634.0,2,23,11,8,6,46,1,2,1,2,8,0,57,No,13.681040383299111,0,web
Technical School,Married,47025.0,508,11,59,23,5,29,5,11,1,6,9,0,45,No,13.026694045174539,1,web
College Graduate,Single,70566.0,381,28,215,84,28,21,2,6,5,9,3,0,55,No,12.960985626283367,1,store
PhD,Married,31605.0,74,0,42,2,1,6,2,2,1,4,7,0,44,No,13.831622176591376,1,store
Master,Divorced,52034.0,146,0,93,7,13,73,5,4,2,5,7,0,50,No,13.349760438056126,2,store
College Graduate,Single,48526.0,23,17,23,43,20,9,1,2,1,4,3,0,44,No,12.744695414099931,1,store
College Graduate,Married,46734.0,110,5,137,26,23,29,2,6,1,5,7,0,69,No,13.842573579739904,1,web
College Graduate,Divorced,39552.0,165,3,147,4,24,41,7,6,2,5,8,0,61,Yes,13.760438056125942,2,web
College Graduate,Single,86358.0,957,47,494,82,47,95,4,5,3,6,8,0,57,No,14.121834360027378,2,store
College Graduate,Together,46931.0,41,0,17,3,1,16,2,1,1,3,3,0,46,No,12.413415468856947,3,store
High School,Single,16581.0,1,3,4,2,3,11,1,0,0,3,4,0,38,No,13.69199178644764,0,store
Technical School,Divorced,63998.0,176,29,818,0,33,112,1,7,6,11,4,0,71,Yes,12.75564681724846,0,store
Master,Married,67381.0,815,8,53,11,0,70,4,2,2,9,7,0,72,Yes,13.683778234086242,1,store
College Graduate,Single,25930.0,6,1,2,2,0,4,1,1,0,2,7,0,56,No,12.950034223134839,2,store
College Graduate,Married,42693.0,8,4,20,6,3,16,1,1,0,3,5,0,45,No,12.292950034223136,1,store
College Graduate,Together,85606.0,717,42,864,219,30,84,2,6,7,9,3,0,47,Yes,13.859000684462696,1,store
College Graduate,Single,72903.0,1067,138,750,0,19,39,1,7,5,8,4,0,38,Yes,12.898015058179329,0,store
Technical School,Together,49669.0,166,5,107,11,8,29,2,5,1,6,6,0,49,No,12.331279945242985,1,store
PhD,Married,36778.0,29,4,34,2,4,4,3,3,0,3,9,0,55,No,14.130047912388775,2,web
PhD,Divorced,85696.0,714,76,395,116,0,12,1,4,6,9,1,0,61,Yes,13.388090349075975,0,store
Master,Divorced,10979.0,8,4,10,2,2,4,2,3,0,3,5,0,34,No,12.336755646817249,0,web
College Graduate,Married,49678.0,229,5,56,3,2,20,2,6,2,4,7,0,62,No,13.634496919917865,1,web
Master,Together,56129.0,320,48,133,39,72,48,4,6,2,10,4,0,70,No,13.256673511293634,1,store
College Graduate,Married,37155.0,23,0,26,7,15,3,1,2,0,4,5,0,34,No,13.639972621492129,1,store
Technical School,Divorced,21282.0,1,5,8,4,8,20,2,2,1,2,6,0,45,No,12.366872005475702,1,web
PhD,Single,33419.0,56,0,12,0,0,18,2,2,0,4,7,0,61,No,13.097878165639973,1,store
College Graduate,Widow,63285.0,508,124,249,50,38,134,1,6,5,13,3,0,78,No,12.878850102669405,0,store
Master,Together,21255.0,29,0,25,2,2,3,4,2,1,4,4,0,49,No,12.668035592060233,1,store
College Graduate,Together,42162.0,46,7,59,2,4,27,2,3,1,3,6,0,42,Yes,12.840520191649555,1,web
College Graduate,Together,54450.0,454,0,171,8,19,32,12,9,2,8,8,0,67,No,14.020533880903491,2,web
PhD,Married,57744.0,350,3,39,0,0,19,2,9,1,4,8,0,69,No,12.85968514715948,1,web
College Graduate,Single,26576.0,10,0,8,0,0,9,1,1,0,2,9,0,37,Yes,13.94113620807666,1,store
PhD,Widow,57513.0,735,40,183,52,20,30,2,9,3,13,6,0,80,No,13.212867898699521,0,store
College Graduate,Together,68142.0,897,126,196,91,112,37,3,10,4,7,6,0,59,No,14.064339493497604,1,web
College Graduate,Married,7500.0,5,2,3,3,0,5,1,1,0,2,8,0,44,No,14.064339493497604,1,store
College Graduate,Together,83145.0,777,35,731,39,137,114,1,5,9,11,2,0,49,Yes,13.998631074606434,0,store
Master,Married,54197.0,162,6,37,6,13,13,2,1,3,6,1,0,63,No,12.470910335386721,1,store
PhD,Single,23091.0,35,0,11,0,0,2,4,2,1,3,7,0,60,No,12.320328542094456,2,store
College Graduate,Married,46049.0,342,9,112,19,14,19,10,5,2,9,7,0,47,Yes,13.17180013689254,2,store
College Graduate,Together,56715.0,258,105,239,237,172,9,1,7,3,4,4,0,49,No,13.796030116358658,0,web
College Graduate,Married,79410.0,658,80,483,123,13,13,1,3,2,5,1,0,62,No,12.317590691307323,0,store
College Graduate,Married,57304.0,356,80,329,138,17,106,2,7,6,10,5,0,72,No,13.533196440793978,1,store
College Graduate,Married,44375.0,213,5,28,7,7,41,1,4,1,6,5,0,58,No,12.501026694045175,1,store
College Graduate,Together,54450.0,454,0,171,8,19,32,12,9,2,8,8,0,67,No,14.020533880903491,2,web
College Graduate,Married,59594.0,457,4,29,0,0,9,1,8,1,7,7,0,58,Yes,13.921971252566735,1,web
College Graduate,Together,80685.0,241,45,604,34,26,54,1,6,4,10,2,0,29,No,14.08350444900753,0,store
PhD,Married,40344.0,210,0,6,0,0,2,2,4,1,5,7,0,49,No,12.941820670773442,1,store
College Graduate,Married,62710.0,441,35,83,7,29,11,4,4,2,12,4,0,51,No,13.333333333333334,1,store
Technical School,Married,48985.0,19,13,18,10,7,8,1,1,1,3,3,0,55,No,13.215605749486652,1,store
College Graduate,Together,35322.0,28,9,37,12,7,13,3,2,0,4,8,0,55,No,14.08350444900753,3,store
College Graduate,Married,77142.0,476,75,162,29,151,97,1,4,4,8,2,0,75,No,13.316906228610542,0,store
College Graduate,Single,81657.0,364,40,425,158,60,50,1,3,4,8,1,0,54,No,12.6652977412731,0,store
High School,Married,14421.0,0,0,2,3,3,8,1,1,0,2,5,0,27,Yes,12.594113620807667,0,store
Technical School,Married,20130.0,0,6,3,7,6,12,1,1,0,3,8,0,49,No,12.517453798767967,0,store
PhD,Married,74214.0,863,83,547,86,99,33,1,8,2,5,5,0,33,No,14.072553045859001,0,web
Master,Married,66726.0,349,7,35,0,0,47,3,8,2,4,7,0,66,Yes,12.692676249144421,2,web
High School,Together,23724.0,5,23,15,0,18,14,2,2,0,3,8,0,44,No,13.702943189596168,1,store
Master,Married,47353.0,184,2,19,8,8,4,3,2,2,6,5,0,63,No,12.856947296372347,1,store
Master,Married,33444.0,8,0,8,0,0,2,1,1,0,2,8,0,71,No,13.883641341546886,2,store
College Graduate,Married,54386.0,277,21,64,62,21,25,2,3,2,10,3,0,42,No,13.349760438056126,1,store
College Graduate,Divorced,28510.0,44,5,19,0,4,19,3,2,0,4,5,0,42,No,13.442847364818617,2,store
Master,Single,90638.0,1156,120,915,94,144,96,1,3,4,10,1,0,32,Yes,12.605065023956195,0,store
College Graduate,Together,48070.0,373,14,83,6,9,19,3,8,2,6,7,1,73,No,13.689253935660506,1,web
College Graduate,Married,43140.0,134,8,76,6,0,11,1,4,1,5,6,0,66,No,13.711156741957563,1,store
PhD,Divorced,54959.0,1148,0,60,0,0,24,3,9,5,4,7,0,62,Yes,13.672826830937714,1,web
High School,Single,15056.0,6,12,3,21,6,40,5,2,2,3,5,0,65,No,13.388090349075975,2,store
College Graduate,Single,26954.0,4,1,11,0,0,1,1,1,0,2,7,0,52,No,12.375085557837098,1,store
College Graduate,Single,22327.0,5,4,8,2,0,5,1,1,0,3,5,0,38,No,13.138945927446954,1,store
College Graduate,Married,44393.0,24,2,20,2,2,10,2,1,0,4,4,0,58,No,13.084188911704311,2,store
PhD,Single,62000.0,899,0,101,0,0,20,1,6,6,13,4,0,71,Yes,13.075975359342916,1,store
PhD,Together,31497.0,108,1,28,13,1,4,2,3,1,4,8,0,61,No,13.793292265571527,1,store
Technical School,Married,45894.0,27,2,7,0,2,13,1,1,0,3,5,0,49,No,12.566735112936344,2,store
Master,Divorced,78579.0,816,66,549,216,66,99,1,5,6,4,3,0,53,Yes,13.749486652977414,0,catalog
Master,Widow,67369.0,1298,0,70,37,14,42,4,7,4,10,4,0,54,Yes,13.845311430527037,1,store
College Graduate,Divorced,58401.0,10,0,11,17,29,29,1,1,2,2,4,0,63,No,12.424366872005475,1,catalog
College Graduate,Single,62307.0,87,13,34,10,6,10,1,4,0,4,5,0,71,No,12.594113620807667,1,web
Master,Married,43641.0,57,2,51,4,2,23,3,2,1,4,6,0,54,No,13.418206707734429,2,store
Master,Divorced,63841.0,635,15,100,20,7,131,1,9,3,9,6,0,55,No,13.42094455852156,1,web
Technical School,Married,46891.0,43,12,23,29,15,61,1,2,1,4,4,0,58,No,13.05681040383299,1,store
Master,Married,70091.0,964,34,137,15,0,11,2,5,2,10,8,0,54,Yes,13.478439425051334,1,store
PhD,Married,78075.0,572,8,259,34,35,80,1,3,5,5,1,0,51,No,12.465434633812457,0,catalog
Technical School,Widow,59184.0,341,142,113,259,151,66,3,6,6,12,5,0,62,No,14.03422313483915,1,store
College Graduate,Married,54809.0,63,6,57,13,13,22,4,2,1,5,4,0,46,No,13.02943189596167,2,store
College Graduate,Married,58113.0,221,104,169,102,78,84,3,9,2,8,7,1,64,No,13.656399726214921,1,web
Master,Married,51412.0,140,3,29,4,5,14,2,3,2,4,4,0,65,No,12.725530458590006,1,store
College Graduate,Divorced,15287.0,1,2,8,4,3,13,2,1,1,2,7,0,44,Yes,13.949349760438055,1,store
Master,Together,66636.0,291,10,689,84,10,0,1,3,4,9,1,0,66,No,13.097878165639973,0,store
Master,Married,50965.0,544,13,85,8,6,29,3,10,4,5,8,0,67,Yes,13.585215605749486,1,web
PhD,Married,84618.0,684,100,801,21,66,0,1,6,9,10,2,0,58,Yes,12.83230663928816,0,store
College Graduate,Married,18351.0,1,12,9,0,14,7,1,2,0,3,7,0,33,No,12.898015058179329,0,store
PhD,Together,40451.0,35,0,4,0,0,10,1,1,1,2,5,0,66,Yes,12.596851471594798,2,store
College Graduate,Together,36317.0,87,3,25,3,2,13,2,3,0,4,7,0,58,No,13.336071184120465,1,store
College Graduate,Together,42213.0,309,3,24,4,3,20,2,5,1,7,7,0,66,Yes,12.944558521560575,1,store
College Graduate,Together,65748.0,172,73,93,95,78,34,2,2,4,10,1,1,68,No,13.437371663244353,1,store
College Graduate,Together,77044.0,625,38,242,50,34,76,2,7,11,11,4,0,51,Yes,12.903490759753593,1,catalog
College Graduate,Together,74918.0,972,59,913,25,19,59,1,5,9,6,3,0,54,Yes,13.530458590006845,0,catalog
College Graduate,Married,56721.0,157,6,39,6,13,75,5,4,1,5,6,0,51,No,13.891854893908283,2,store
College Graduate,Single,42160.0,48,9,45,3,15,20,4,2,1,4,6,0,48,Yes,13.234770704996578,2,store
College Graduate,Single,61559.0,279,83,88,32,14,34,1,4,2,10,3,0,58,No,13.182751540041068,1,store
PhD,Together,33629.0,132,0,16,0,0,4,5,3,1,4,9,0,60,No,14.121834360027378,2,store
PhD,Together,68682.0,919,0,505,99,30,45,1,4,9,10,2,0,32,No,12.960985626283367,0,store
College Graduate,Single,34377.0,62,0,22,3,1,26,2,2,2,2,7,0,60,No,13.672826830937714,1,web
High School,Single,8940.0,1,45,3,4,6,42,3,3,1,3,8,0,37,No,14.08350444900753,1,web
College Graduate,Married,26228.0,2,6,4,3,1,9,1,1,0,2,8,0,50,No,12.999315537303216,1,store
Technical School,Divorced,77297.0,408,61,109,48,122,41,1,5,7,9,4,0,66,Yes,13.653661875427789,0,store
College Graduate,Married,40211.0,51,1,7,2,1,25,2,2,1,2,8,0,42,Yes,13.14715947980835,2,web
PhD,Widow,33438.0,62,1,16,3,2,6,4,2,1,4,5,0,65,No,12.999315537303216,2,store
PhD,Married,75032.0,952,12,180,47,12,12,2,5,4,9,3,0,64,No,13.401779603011637,1,store
PhD,Single,61284.0,618,15,106,20,7,45,1,11,2,8,6,0,68,Yes,12.944558521560575,0,web
College Graduate,Married,22518.0,11,7,12,2,2,27,2,2,1,2,5,0,37,Yes,13.91649555099247,1,web
Master,Married,54730.0,318,3,17,4,7,56,5,4,1,8,4,0,48,No,13.103353867214237,1,store
Master,Married,38452.0,56,0,14,0,0,2,3,3,0,3,7,0,68,No,12.48186173853525,2,web
College Graduate,Divorced,44421.0,110,5,59,7,1,7,5,5,0,4,8,0,52,No,13.598904859685147,2,web
PhD,Together,38197.0,23,0,11,2,1,3,1,1,0,3,5,0,37,No,13.232032854209445,1,store
College Graduate,Divorced,41986.0,27,5,8,8,3,12,3,3,0,4,4,0,45,No,12.616016427104723,1,store
College Graduate,Together,28427.0,18,3,19,3,3,6,2,2,0,3,8,0,40,No,13.505817932922655,1,store
PhD,Together,37395.0,18,0,9,0,1,11,1,1,0,3,6,0,47,No,12.39151266255989,1,store
College Graduate,Married,64722.0,303,0,280,60,147,15,4,8,2,11,6,0,52,No,12.32580424366872,1,store
Master,Together,55249.0,97,1,19,2,0,11,1,2,1,4,3,0,67,No,12.432580424366872,1,store
College Graduate,Together,84906.0,997,15,414,99,30,76,1,5,6,12,2,0,51,Yes,12.966461327857632,0,store
College Graduate,Married,28691.0,5,4,13,8,0,4,1,1,0,3,8,0,34,No,13.218343600273785,1,store
College Graduate,Single,44213.0,95,11,35,0,4,7,4,2,1,5,6,0,71,No,12.813141683778234,2,store
High School,Single,25707.0,1,6,2,3,6,3,1,1,0,3,7,0,39,No,12.676249144421629,1,store
PhD,Married,59062.0,46,1,12,3,0,9,2,2,0,3,4,0,56,No,12.969199178644764,3,store
College Graduate,Single,76624.0,411,106,147,54,115,66,1,5,10,7,1,0,61,Yes,12.331279945242985,1,catalog
Master,Together,66000.0,244,51,270,101,0,45,1,1,3,5,1,0,76,No,12.424366872005475,0,store
PhD,Together,27683.0,152,9,121,12,12,45,4,6,2,4,8,0,45,No,14.132785763175907,1,web
College Graduate,Divorced,1730.0,1,1,3,1,1,1,15,0,0,0,20,0,52,No,12.347707049965777,0,web
High School,Single,7500.0,10,17,18,8,26,40,4,3,2,2,9,0,31,No,13.801505817932922,1,web
College Graduate,Together,40521.0,12,0,5,0,0,4,1,0,1,2,5,0,55,No,13.464750171115675,2,store
PhD,Together,20427.0,5,0,4,0,0,1,1,1,0,2,8,0,50,No,12.498288843258042,1,store
College Graduate,Married,65106.0,790,19,133,12,0,19,3,8,3,13,6,0,48,Yes,12.331279945242985,1,store
PhD,Married,69969.0,882,29,514,38,29,44,1,4,2,6,3,0,58,Yes,13.070499657768652,0,store
College Graduate,Married,67433.0,615,28,259,12,48,30,4,6,5,13,4,0,71,Yes,13.1854893908282,2,store
PhD,Married,77766.0,1004,59,265,115,59,27,2,11,10,11,6,0,56,Yes,13.579739904175222,1,web
College Graduate,Married,74716.0,133,27,421,13,195,71,2,7,3,5,4,0,51,No,13.026694045174539,1,web
College Graduate,Divorced,68118.0,595,23,123,10,23,154,2,8,9,4,6,0,60,No,12.928131416837783,1,catalog
PhD,Married,55158.0,293,0,87,4,11,23,4,7,2,5,7,0,53,Yes,14.146475017111568,2,web
Technical School,Married,62972.0,313,15,47,20,0,192,2,7,4,3,6,0,68,Yes,14.13552361396304,1,web
College Graduate,Married,74190.0,151,81,86,168,91,64,2,4,2,11,2,0,48,No,12.36413415468857,1,store
College Graduate,Married,39356.0,15,0,2,0,0,6,1,1,0,2,6,0,47,Yes,12.511978097193703,2,store
College Graduate,Together,76653.0,736,63,946,219,189,126,1,4,7,11,2,0,54,Yes,13.100616016427105,0,store
PhD,Divorced,35860.0,15,0,8,4,2,20,2,1,1,2,5,0,50,Yes,12.344969199178644,2,store
PhD,Divorced,90687.0,982,17,672,23,34,51,1,6,2,8,2,0,40,Yes,13.336071184120465,0,store
Master,Together,73450.0,1142,51,415,90,69,37,1,7,8,11,3,0,41,Yes,12.796714579055442,0,store
College Graduate,Married,31454.0,28,0,11,0,0,9,3,2,0,3,8,0,63,No,13.212867898699521,2,store
College Graduate,Single,47139.0,46,0,12,0,2,23,2,2,1,2,7,0,71,Yes,12.54757015742642,2,web
College Graduate,Divorced,83829.0,897,161,430,186,161,27,0,4,7,6,1,0,48,Yes,12.955509924709103,0,catalog
PhD,Married,53378.0,489,6,152,8,6,132,10,9,4,6,8,0,60,Yes,13.99315537303217,2,web
College Graduate,Together,19656.0,25,4,9,6,8,32,3,2,1,3,7,0,53,No,13.618069815195073,1,store
PhD,Married,45579.0,145,1,33,2,1,1,1,4,1,4,6,0,75,No,13.089664613278575,1,web
Technical School,Single,85485.0,630,26,611,44,18,54,1,6,6,6,2,0,65,No,12.254620123203285,0,web
College Graduate,Married,55956.0,760,38,104,50,9,38,2,7,3,4,4,0,79,Yes,12.459958932238193,0,web
Master,Single,64191.0,420,15,186,151,38,15,3,5,3,13,3,0,60,No,13.664613278576317,1,store
College Graduate,Single,38808.0,125,17,52,3,19,30,4,5,1,4,8,0,51,Yes,14.072553045859001,1,web
Master,Married,57183.0,464,5,64,7,0,70,8,9,1,7,8,0,57,No,13.51129363449692,2,web
Master,Divorced,23748.0,6,6,29,12,15,8,3,2,1,3,8,0,55,No,13.834360027378509,1,store
College Graduate,Married,66303.0,1090,12,96,16,12,60,4,3,4,11,8,0,52,Yes,13.568788501026694,1,store
Master,Married,37368.0,3,2,11,2,2,10,1,1,0,2,6,0,48,Yes,12.766598220396988,1,store
College Graduate,Married,40800.0,24,0,27,8,30,10,2,3,0,3,7,1,59,No,13.722108145106091,3,web
College Graduate,Divorced,71847.0,737,21,106,55,63,210,0,6,7,9,3,0,45,Yes,14.001368925393566,0,store
College Graduate,Married,46149.0,254,6,71,4,0,27,5,5,1,7,5,0,48,No,12.813141683778234,1,store
College Graduate,Together,78687.0,817,185,687,145,55,241,1,4,6,8,2,0,40,Yes,14.119096509240247,0,store
Technical School,Divorced,49118.0,620,54,239,99,98,119,2,9,7,10,7,0,52,Yes,14.094455852156058,0,store
PhD,Married,37633.0,13,4,20,0,0,1,2,1,0,3,9,0,66,No,14.004106776180699,2,store
Master,Together,39767.0,113,61,204,34,26,47,2,7,1,7,8,0,72,No,13.17180013689254,0,web
High School,Married,26997.0,7,23,78,133,49,144,2,4,2,5,7,0,72,No,13.878165639972622,0,store
College Graduate,Divorced,33986.0,16,2,18,2,1,5,1,1,0,3,7,0,53,No,13.52498288843258,1,store
PhD,Married,57091.0,462,0,24,6,0,4,2,9,2,5,7,0,51,Yes,13.828884325804244,1,web
Technical School,Married,46831.0,22,2,10,6,4,34,2,1,2,2,4,0,54,No,13.289527720739219,2,catalog
Master,Married,83151.0,968,147,842,137,42,210,1,5,7,10,2,0,51,Yes,13.612594113620808,0,store
College Graduate,Married,52531.0,283,112,151,51,72,125,2,7,2,10,6,0,52,No,13.727583846680355,0,store
College Graduate,Married,15759.0,1,2,5,6,0,3,1,1,0,2,7,0,67,No,13.045859000684462,0,store
College Graduate,Single,22804.0,14,1,7,2,1,1,1,2,0,2,9,0,52,No,13.144421629021219,1,web
Technical School,Married,43050.0,30,5,24,6,3,8,2,2,0,4,5,0,50,No,12.514715947980836,1,store
PhD,Single,42997.0,4,0,5,0,1,5,1,1,0,2,7,0,46,No,12.791238877481177,2,store
PhD,Single,48918.0,52,0,9,0,0,1,2,1,0,4,4,0,60,No,12.446269678302533,2,store
Master,Together,60033.0,62,1,57,19,11,48,2,2,1,5,2,0,69,No,12.484599589322382,1,store
PhD,Together,34043.0,20,2,14,3,0,10,1,2,0,2,9,0,45,No,12.908966461327857,1,web
College Graduate,Together,57811.0,545,7,114,37,21,78,5,7,2,11,5,0,57,Yes,13.245722108145106,1,store
College Graduate,Married,78569.0,558,79,622,207,175,95,1,4,6,4,1,0,77,Yes,12.588637919233403,0,catalog
College Graduate,Single,7500.0,6,5,4,13,4,25,4,2,1,3,6,0,45,No,13.735797399041752,2,store
Master,Together,157733.0,39,1,9,2,0,8,0,1,0,1,1,0,52,No,13.300479123887747,1,web
College Graduate,Together,94384.0,1111,24,790,160,45,172,0,5,8,5,2,0,70,Yes,13.552361396303901,0,catalog
Technical School,Married,23148.0,4,6,8,6,3,10,1,2,0,3,7,0,38,No,12.591375770020534,0,store
College Graduate,Divorced,44267.0,183,5,65,3,5,49,5,5,2,4,9,0,53,No,13.571526351813826,2,web
College Graduate,Married,71626.0,546,72,376,94,145,72,1,5,5,8,3,0,44,Yes,13.88911704312115,0,store
College Graduate,Together,60894.0,606,7,155,10,0,54,5,10,3,8,7,0,57,No,13.234770704996578,1,web
College Graduate,Together,50200.0,266,6,51,8,6,64,6,7,1,5,8,0,47,No,13.470225872689939,2,web
PhD,Married,81051.0,1142,29,249,38,29,14,1,5,5,12,2,0,58,Yes,12.334017796030116,0,store
College Graduate,Married,65169.0,1074,0,69,0,0,46,1,10,4,13,6,0,41,Yes,12.687200547570157,0,store
College Graduate,Together,59868.0,771,51,154,54,10,154,7,11,2,12,6,0,51,No,13.169062286105408,1,store
PhD,Married,65695.0,371,32,189,0,58,6,2,5,4,10,4,0,63,No,12.640657084188911,1,store
Master,Single,64857.0,556,14,717,210,0,43,1,7,5,10,4,0,67,No,13.828884325804244,0,store
Master,Together,45143.0,202,5,74,11,5,14,3,6,1,5,7,0,58,No,13.073237508555783,1,web
Technical School,Together,74805.0,209,162,209,41,162,37,5,4,7,10,2,0,68,No,12.876112251882272,1,store
Technical School,Married,59060.0,35,40,111,36,40,12,3,3,1,7,4,0,34,No,12.695414099931554,1,store
PhD,Single,27238.0,37,0,17,0,0,3,3,3,0,3,9,0,61,No,13.423682409308693,2,web
College Graduate,Together,47009.0,171,45,73,59,10,90,4,3,2,8,4,0,58,No,12.974674880219029,1,store
Technical School,Married,46094.0,12,2,20,3,2,5,1,1,0,3,7,0,50,No,12.284736481861739,2,store
College Graduate,Married,40321.0,44,4,21,6,0,27,2,3,0,3,7,0,51,No,13.149897330595483,2,web
College Graduate,Together,37235.0,20,2,9,4,6,20,1,1,1,2,4,0,39,No,12.63791923340178,1,store
Master,Married,81843.0,779,86,537,34,69,138,1,5,9,12,3,0,63,No,13.418206707734429,0,store
Master,Together,46692.0,170,6,97,24,12,88,3,6,1,5,6,0,65,No,13.295003422313483,1,web
College Graduate,Together,77382.0,491,48,231,112,105,134,2,5,7,12,1,0,55,Yes,12.706365503080082,1,store
College Graduate,Single,37774.0,173,8,107,7,2,176,4,7,2,3,9,1,46,Yes,14.050650239561945,2,web
High School,Married,18393.0,7,10,13,16,0,4,2,3,0,3,8,0,49,No,12.484599589322382,1,web
Master,Married,72828.0,1205,0,235,19,14,205,6,6,3,13,7,0,61,No,13.60164271047228,1,store
College Graduate,Married,24711.0,10,7,25,6,3,7,1,3,0,3,7,0,41,No,12.429842573579739,0,web
PhD,Married,45503.0,97,4,44,6,1,18,1,3,1,4,5,0,48,No,12.991101984941821,1,store
Master,Single,6560.0,67,11,26,4,3,262,0,1,0,1,17,0,41,No,12.777549623545516,0,web
PhD,Together,71604.0,345,53,528,98,75,97,1,8,3,5,4,0,78,Yes,12.845995893223819,0,web
College Graduate,Married,27244.0,6,5,17,3,24,46,2,2,2,2,7,0,44,No,12.544832306639288,1,web
College Graduate,Married,48752.0,73,57,100,71,15,0,5,6,1,5,9,0,54,Yes,13.776865160848734,2,web
College Graduate,Married,71434.0,711,36,217,172,96,168,3,7,4,7,4,0,61,Yes,13.010266940451745,1,web
College Graduate,Single,90842.0,774,70,118,182,187,93,1,4,9,13,1,0,75,No,13.149897330595483,0,store
Master,Married,88097.0,163,0,480,0,126,75,1,6,5,8,9,0,45,Yes,14.094455852156058,1,store
College Graduate,Married,51948.0,82,33,54,71,30,41,2,5,2,4,5,0,48,No,13.013004791238878,1,web
College Graduate,Together,71853.0,358,108,413,141,97,32,1,2,8,6,1,0,41,No,13.374401095140314,0,catalog
Master,Married,35876.0,66,2,40,4,3,14,1,3,1,3,6,0,40,No,12.424366872005475,0,web
College Graduate,Widow,40049.0,13,6,7,0,3,3,1,1,0,3,6,0,71,No,12.933607118412047,1,store
College Graduate,Single,39660.0,139,13,78,20,13,36,3,7,1,3,9,0,41,Yes,14.121834360027378,1,web
College Graduate,Together,50127.0,274,0,21,4,6,15,1,5,1,6,6,0,61,Yes,12.317590691307323,1,store
Master,Married,43263.0,262,6,61,0,10,102,3,5,2,6,5,0,46,No,13.834360027378509,1,store
Master,Married,62845.0,1099,0,45,0,0,34,11,3,4,10,8,0,74,Yes,13.973990417522245,2,store
College Graduate,Married,18929.0,32,0,8,23,4,18,1,1,0,4,6,0,33,No,13.596167008898014,0,store
High School,Single,24367.0,2,4,2,0,11,5,1,1,0,2,9,0,41,No,13.508555783709788,1,store
College Graduate,Single,33249.0,6,10,21,19,14,42,2,2,1,3,6,0,48,No,13.585215605749486,1,store
Technical School,Married,26887.0,6,7,4,3,4,6,1,1,0,3,6,0,64,No,13.612594113620808,1,store
PhD,Married,50150.0,135,46,92,65,61,11,2,5,2,7,5,0,40,No,13.256673511293634,0,store
College Graduate,Together,62061.0,641,7,84,0,30,38,3,10,4,7,6,0,47,Yes,13.059548254620124,1,web
PhD,Divorced,85696.0,714,76,395,116,0,12,1,4,6,9,1,0,61,Yes,13.388090349075975,0,store
PhD,Together,76542.0,794,73,573,0,29,14,1,4,8,10,2,0,67,No,13.481177275838467,0,store
College Graduate,Single,70515.0,420,0,452,182,64,140,1,6,6,4,2,0,30,Yes,12.919917864476385,0,web
College Graduate,Together,18227.0,1,2,7,4,3,11,1,0,1,2,8,0,36,No,13.869952087611225,1,store
College Graduate,Married,69139.0,86,12,75,33,15,6,1,4,1,5,4,0,58,No,12.65160848733744,1,store
College Graduate,Married,69109.0,823,25,459,124,29,95,1,6,6,7,4,0,41,Yes,13.867214236824093,0,store
College Graduate,Single,69627.0,231,161,215,171,30,53,2,8,2,11,5,0,61,No,13.516769336071183,1,store
College Graduate,Married,38136.0,8,15,27,0,20,33,2,3,1,2,8,0,45,Yes,13.418206707734429,1,web
PhD,Single,62159.0,182,17,259,77,70,29,1,6,2,10,4,0,77,No,12.402464065708418,0,store
College Graduate,Single,80695.0,557,129,984,193,37,18,1,5,8,5,2,0,60,No,12.731006160164272,0,catalog
Master,Single,33316.0,79,1,31,4,4,12,3,2,1,4,6,0,52,No,12.966461327857632,2,store
College Graduate,Together,58554.0,368,24,68,38,0,88,6,8,2,6,7,0,55,No,13.987679671457906,2,web
High School,Married,17256.0,6,4,14,8,8,22,2,2,1,2,8,0,31,Yes,12.829568788501026,1,web
College Graduate,Divorced,53034.0,160,15,196,15,11,50,8,6,1,7,8,0,49,No,13.314168377823409,2,store
Technical School,Together,52203.0,488,21,238,56,108,28,1,8,7,11,6,0,73,No,14.143737166324435,0,store
Technical School,Divorced,59601.0,691,7,69,0,7,23,4,2,2,7,8,0,46,Yes,13.160848733744011,1,store
Master,Single,75154.0,543,10,205,160,143,82,1,6,3,6,3,0,65,Yes,14.047912388774812,1,web
College Graduate,Single,47025.0,254,7,108,20,0,26,3,6,3,5,6,0,47,No,12.873374401095141,1,web
College Graduate,Married,37971.0,5,4,10,2,2,7,1,1,0,3,8,0,50,No,12.824093086926762,1,store
Master,Divorced,41335.0,112,19,21,16,14,5,3,4,1,4,7,0,55,No,12.739219712525667,1,web
College Graduate,Married,67267.0,134,11,59,15,2,30,1,3,2,5,2,0,65,No,12.361396303901437,1,store
College Graduate,Single,57338.0,143,6,52,11,8,17,2,4,1,5,5,0,48,No,12.399726214921287,1,store
Technical School,Together,50523.0,51,4,24,4,7,1,2,2,0,4,6,0,63,No,12.7419575633128,2,store
Master,Single,35791.0,27,0,5,0,0,3,2,1,0,3,8,0,58,No,13.379876796714578,3,store
PhD,Divorced,50611.0,459,0,24,6,0,4,6,4,5,7,6,0,63,Yes,13.96577686516085,1,store
PhD,Married,56242.0,689,8,167,11,8,88,5,8,4,11,6,0,54,No,13.555099247091034,1,store
College Graduate,Single,48904.0,283,10,38,0,13,27,4,7,2,4,8,0,63,No,13.804243668720055,1,web
College Graduate,Single,56243.0,347,0,35,4,3,7,6,4,2,8,5,0,48,No,12.728268309377139,3,store
College Graduate,Married,21355.0,5,13,14,0,5,31,2,2,1,2,6,0,38,Yes,13.089664613278575,1,web
Master,Together,57420.0,280,0,18,0,0,24,3,5,1,6,7,0,52,Yes,13.242984257357975,1,store
Master,Divorced,46390.0,95,14,64,2,9,38,1,4,2,3,7,0,68,No,12.383299110198495,1,web
Technical School,Together,54342.0,84,10,34,11,10,28,4,3,1,4,6,0,67,No,13.221081451060916,2,store
College Graduate,Married,20895.0,18,3,17,3,0,4,1,2,0,3,9,0,50,No,13.960301163586584,1,store
College Graduate,Married,92344.0,992,24,694,51,19,119,0,5,10,5,1,0,75,Yes,12.684462696783026,0,catalog
Technical School,Together,26907.0,9,1,7,0,3,2,2,1,0,3,7,0,47,No,13.089664613278575,2,store
College Graduate,Together,44964.0,19,1,17,2,0,2,1,1,0,3,8,0,43,No,13.765913757700206,2,store
College Graduate,Together,75507.0,709,93,374,104,80,80,1,8,6,6,3,0,44,No,12.39151266255989,0,web
Master,Married,53761.0,158,0,76,13,7,71,6,4,4,3,5,0,51,No,12.947296372347708,2,web
College Graduate,Together,22682.0,10,14,29,4,2,36,3,2,1,4,4,0,50,No,12.969199178644764,1,store
PhD,Together,38887.0,25,1,13,0,0,3,1,1,0,3,7,0,51,No,12.558521560574949,1,store
Technical School,Single,41658.0,8,4,12,15,4,29,2,1,1,2,4,0,48,No,13.867214236824093,2,store
PhD,Married,29791.0,14,0,6,0,0,0,2,2,0,3,5,0,51,No,12.355920602327172,1,store
Master,Married,63915.0,622,7,115,30,0,15,2,6,3,12,5,0,67,No,13.14715947980835,2,store
College Graduate,Divorced,39996.0,11,0,3,0,0,1,1,1,0,2,6,0,49,No,12.336755646817249,2,store
College Graduate,Divorced,26759.0,25,3,16,8,5,2,2,2,1,3,6,0,51,No,12.621492128678987,1,store
Master,Divorced,63841.0,635,15,100,20,7,131,1,9,3,9,6,0,55,No,13.42094455852156,1,web
PhD,Married,51039.0,100,64,79,65,0,109,2,6,2,4,7,0,54,No,13.782340862422998,2,web
College Graduate,Married,60544.0,201,2,43,3,5,35,4,5,1,5,6,0,62,No,14.075290896646132,2,web
College Graduate,Married,65685.0,642,14,49,0,7,57,1,9,2,9,5,0,51,No,12.484599589322382,1,web
College Graduate,Married,37716.0,97,1,41,6,2,41,2,4,1,3,7,0,70,No,12.421629021218344,1,web
College Graduate,Single,36864.0,204,5,39,17,0,89,3,5,2,4,8,0,66,Yes,14.108145106091717,1,web
Master,Married,44511.0,513,7,133,46,14,14,6,8,4,8,8,0,53,No,13.943874058863791,1,web
PhD,Married,36947.0,88,3,21,4,1,29,4,3,0,4,9,0,56,No,14.124572210814511,2,store
Master,Together,47352.0,172,12,112,8,0,15,4,6,1,5,7,0,72,No,13.44832306639288,1,web
Master,Married,67087.0,329,35,222,130,35,43,2,7,5,8,4,0,70,No,12.763860369609857,1,store
College Graduate,Married,57045.0,296,13,104,11,13,17,3,4,2,9,3,0,73,No,14.036960985626283,1,store
PhD,Divorced,36957.0,100,2,16,2,1,31,4,3,2,2,9,0,70,Yes,14.042436687200547,2,web
PhD,Married,69389.0,422,7,238,69,46,15,1,7,2,12,4,0,46,No,13.982203969883642,1,store
College Graduate,Married,80134.0,1218,16,272,104,0,80,2,5,3,6,6,0,51,Yes,13.34154688569473,1,store
Master,Married,43142.0,5,1,7,2,1,4,1,1,0,2,7,0,54,No,12.591375770020534,2,store
College Graduate,Married,80589.0,507,93,520,242,40,26,1,5,10,5,1,0,79,Yes,12.6652977412731,0,catalog
College Graduate,Single,34412.0,52,12,50,4,36,55,3,5,0,3,9,0,33,No,13.604380561259411,1,web
College Graduate,Single,57537.0,191,56,139,51,8,100,4,4,3,8,4,0,44,No,13.284052019164955,1,store
High School,Together,22634.0,2,23,11,8,6,46,1,2,1,2,8,0,57,No,13.681040383299111,0,web
College Graduate,Together,51315.0,68,28,39,16,30,41,1,2,2,5,2,0,75,No,12.577686516084873,0,store
College Graduate,Married,36026.0,20,4,10,6,4,17,2,2,0,3,6,0,51,No,12.5201916495551,3,store
College Graduate,Married,24639.0,20,3,16,0,4,1,3,2,0,4,6,0,50,No,12.648870636550308,2,store
PhD,Together,34578.0,7,0,1,0,0,0,1,1,0,2,6,0,51,No,12.449007529089664,3,store
Technical School,Single,65704.0,279,172,74,38,8,246,1,2,10,10,1,0,51,No,12.941820670773442,0,catalog
College Graduate,Single,63810.0,977,12,253,16,12,101,4,4,3,12,8,0,57,Yes,13.86173853524983,1,store
PhD,Together,54132.0,30,1,8,0,0,3,1,1,0,3,7,0,54,No,12.596851471594798,1,store
College Graduate,Married,18690.0,6,1,7,23,4,19,1,1,1,2,8,0,64,No,13.73305954825462,0,store
College Graduate,Married,28164.0,3,18,26,11,8,12,3,2,0,4,7,0,53,No,13.385352498288844,1,store
PhD,Married,34596.0,14,0,2,0,0,7,1,1,0,2,8,0,49,No,13.442847364818617,1,store
PhD,Married,43269.0,10,1,7,0,0,1,1,1,0,2,8,0,51,No,13.015742642026009,1,store
Technical School,Single,38741.0,7,10,17,8,6,13,2,2,0,3,7,0,65,No,12.48186173853525,2,store
College Graduate,Single,31907.0,33,87,64,175,16,74,1,6,1,6,7,0,51,No,13.552361396303901,0,web
Master,Married,27100.0,12,0,13,2,0,10,1,1,0,3,7,0,40,No,13.464750171115675,1,store
Technical School,Divorced,31163.0,2,3,10,11,2,10,1,1,0,3,6,0,50,No,12.605065023956195,1,store
College Graduate,Married,92533.0,693,21,118,110,147,42,1,6,5,11,2,0,38,Yes,12.758384668035593,0,store
College Graduate,Single,34853.0,9,3,15,2,3,2,2,2,0,3,6,0,50,No,12.747433264887064,2,store
College Graduate,Divorced,70844.0,129,26,67,3,67,2,5,6,1,5,7,0,56,No,12.895277207392198,2,web
Technical School,Married,31086.0,16,2,11,3,0,16,2,1,1,2,8,0,44,Yes,13.385352498288844,2,store
College Graduate,Married,60544.0,201,2,43,3,5,35,4,5,1,5,6,0,62,No,14.075290896646132,2,web
Technical School,Together,20491.0,5,4,5,4,2,10,1,0,1,2,7,0,37,No,13.656399726214921,0,store
College Graduate,Married,42523.0,14,36,11,3,26,35,1,1,1,4,2,0,59,No,12.41615331964408,0,store
College Graduate,Married,39922.0,29,12,59,19,1,36,2,3,0,4,8,0,40,No,13.60164271047228,1,store
College Graduate,Together,33402.0,26,2,19,10,5,8,3,2,1,3,8,0,71,No,13.180013689253936,2,store
Master,Married,36408.0,9,1,4,3,2,3,1,1,0,2,6,0,74,No,13.00205338809035,2,store
College Graduate,Together,21645.0,14,0,23,4,5,19,3,3,0,3,9,0,44,Yes,14.050650239561945,1,web
Master,Widow,78427.0,972,19,595,180,26,138,3,3,7,10,3,0,75,Yes,13.911019849418206,0,store
College Graduate,Together,82657.0,966,168,672,246,105,126,1,7,5,10,4,0,77,Yes,12.985626283367557,0,store
College Graduate,Married,51876.0,99,27,102,28,48,6,1,2,2,8,1,0,65,No,12.936344969199178,0,store
Technical School,Married,78041.0,482,35,553,72,160,17,1,4,4,9,2,0,52,No,13.765913757700206,0,store
College Graduate,Married,52852.0,714,8,99,11,0,47,4,10,7,5,8,0,66,Yes,13.806981519507186,1,web
PhD,Together,70038.0,587,54,348,71,54,130,1,4,4,8,2,0,41,No,12.908966461327857,0,store
Technical School,Together,69401.0,399,27,159,58,8,39,4,4,4,5,2,0,50,No,12.501026694045175,1,store
College Graduate,Together,46053.0,56,10,92,19,7,25,3,3,2,4,5,0,51,No,13.593429158110883,1,store
College Graduate,Married,77343.0,227,151,573,98,54,31,1,3,4,9,1,0,58,No,12.28747433264887,0,store
College Graduate,Single,73892.0,703,102,601,0,58,43,1,3,11,8,1,0,70,Yes,12.856947296372347,0,catalog
PhD,Single,40304.0,37,0,17,0,0,3,1,2,0,3,7,0,56,No,12.97741273100616,1,store
PhD,Together,32727.0,167,13,180,86,13,70,2,7,3,5,8,0,58,No,14.067077344284737,0,web
College Graduate,Together,68695.0,458,81,356,106,50,40,1,4,4,7,2,0,54,No,12.243668720054757,0,store
College Graduate,Divorced,43300.0,91,3,52,2,1,31,3,4,0,4,8,0,52,Yes,13.94113620807666,1,web
College Graduate,Together,26290.0,15,8,16,11,5,22,4,2,0,4,6,0,51,No,13.69199178644764,2,store
College Graduate,Single,93790.0,1302,68,731,89,114,45,0,6,7,12,2,0,53,Yes,12.607802874743326,0,store
PhD,Married,38410.0,153,64,123,116,64,14,2,5,2,9,6,0,49,Yes,14.020533880903491,0,store
Master,Widow,64866.0,508,5,21,7,5,10,4,7,3,7,5,0,73,Yes,12.654346338124572,1,web
College Graduate,Together,57957.0,290,59,177,77,5,29,7,4,6,8,3,1,64,No,13.092402464065708,1,store
PhD,Together,46015.0,38,0,2,0,0,6,1,1,0,3,7,0,68,Yes,12.4435318275154,2,store
College Graduate,Together,16531.0,2,13,6,7,5,11,3,3,0,3,7,0,45,No,12.262833675564682,1,web
Master,Married,28072.0,30,0,10,2,0,5,1,1,0,3,7,0,37,No,13.207392197125257,1,store
Master,Divorced,49476.0,386,23,95,54,41,196,4,2,11,5,2,0,60,No,13.256673511293634,1,catalog
College Graduate,Married,50725.0,443,10,75,0,10,48,4,8,1,8,8,0,70,No,13.604380561259411,1,web
College Graduate,Together,83844.0,901,31,345,75,31,191,1,4,4,11,1,0,71,Yes,13.363449691991786,0,store
PhD,Married,41145.0,9,0,3,0,0,1,1,0,0,3,3,0,73,No,12.618754277891854,2,store
College Graduate,Together,67419.0,846,84,352,91,56,42,4,9,4,8,5,0,53,No,13.681040383299111,1,web
Technical School,Married,23162.0,8,3,9,19,4,22,3,1,1,3,6,0,53,No,12.752908966461328,2,store
College Graduate,Married,34380.0,72,7,58,13,1,24,4,4,1,3,8,0,46,No,13.390828199863108,1,web
College Graduate,Single,34704.0,29,0,5,0,1,5,1,1,0,3,5,0,57,No,13.404517453798768,1,store
PhD,Married,94871.0,169,24,553,188,0,144,1,8,5,4,7,0,54,Yes,14.056125941136209,2,web
College Graduate,Married,65148.0,460,35,422,33,12,153,2,6,6,7,4,0,65,No,13.848049281314168,1,store
College Graduate,Together,39898.0,69,8,26,12,7,12,2,3,0,4,7,0,69,No,13.607118412046544,1,store
Master,Single,64857.0,556,14,717,210,0,43,1,7,5,10,4,0,67,No,13.828884325804244,0,store
PhD,Married,59892.0,73,0,13,0,1,0,1,2,1,3,3,0,53,No,12.8870636550308,1,store
Master,Single,41020.0,112,1,54,7,7,36,1,3,2,4,3,0,36,No,12.900752908966462,0,store
PhD,Married,57072.0,944,0,60,0,0,30,2,7,5,13,5,0,62,Yes,12.659822039698836,1,store
College Graduate,Single,60474.0,265,199,303,234,9,170,7,10,2,12,7,0,44,No,13.475701574264203,1,store
College Graduate,Together,62807.0,526,28,135,10,21,99,3,5,3,12,5,0,63,No,14.05886379192334,1,store
Technical School,Together,19414.0,2,3,12,3,5,7,1,1,0,3,8,0,42,No,12.933607118412047,1,store
College Graduate,Married,19107.0,2,4,9,10,5,16,2,1,0,3,7,0,43,No,13.084188911704311,1,store
Technical School,Together,75484.0,378,97,259,197,194,34,2,7,3,6,4,0,47,No,14.13826146475017,1,web
Master,Single,70379.0,553,25,142,65,67,8,3,6,3,13,4,0,47,No,13.555099247091034,1,store
Master,Together,79419.0,751,127,687,20,15,31,1,4,6,4,2,0,53,No,12.251882272416154,0,catalog
PhD,Together,64014.0,406,0,30,0,0,8,7,8,2,5,7,0,77,Yes,12.284736481861739,3,web
College Graduate,Married,76998.0,1449,89,161,69,35,107,2,11,8,8,6,0,68,Yes,13.69472963723477,1,web
Master,Together,49854.0,123,17,171,39,0,30,5,6,2,5,6,0,51,No,12.865160848733744,1,web
PhD,Married,60585.0,267,42,309,55,42,21,10,7,4,9,5,0,52,Yes,13.245722108145106,2,store
PhD,Divorced,42873.0,209,0,40,3,2,15,4,6,1,4,8,0,73,No,13.66735112936345,2,web
College Graduate,Together,87679.0,1259,172,815,97,148,33,1,7,11,10,4,0,35,Yes,13.155373032169747,0,catalog
College Graduate,Together,57867.0,344,35,178,15,23,17,7,7,2,9,6,0,45,No,12.974674880219029,1,store
College Graduate,Married,35765.0,22,3,30,0,5,15,2,2,0,4,6,0,33,No,12.780287474332649,1,store
College Graduate,Married,65492.0,247,161,295,210,85,47,2,4,7,13,2,0,64,No,12.654346338124572,0,store
College Graduate,Divorced,32952.0,38,0,12,3,1,1,1,2,0,3,7,0,46,No,12.80766598220397,1,store
PhD,Together,53374.0,896,10,101,13,10,34,6,4,2,9,9,0,54,Yes,14.099931553730322,1,store
College Graduate,Together,71706.0,931,56,253,91,98,14,4,9,5,7,5,0,64,No,13.856262833675565,1,web
College Graduate,Married,68487.0,758,12,385,33,89,89,1,9,7,13,4,0,35,No,13.689253935660506,0,store
Master,Together,53253.0,216,9,57,20,9,125,7,4,3,5,5,0,48,No,13.609856262833675,2,store
Technical School,Divorced,31163.0,2,3,10,11,2,10,1,1,0,3,6,0,50,No,12.605065023956195,1,store
College Graduate,Married,42014.0,244,15,108,4,15,50,6,7,1,6,8,0,46,Yes,14.097193702943189,1,web
Master,Married,54108.0,539,6,91,8,6,97,13,8,2,9,8,0,50,No,13.878165639972622,2,store
PhD,Single,49667.0,1181,26,120,17,13,39,2,5,10,5,8,0,68,Yes,14.088980150581794,0,catalog
Master,Married,63206.0,750,8,125,11,8,26,1,4,3,6,2,0,49,Yes,12.509240246406572,0,store
Master,Married,57136.0,306,5,109,21,109,92,9,5,2,10,6,0,51,No,13.204654346338124,2,store
Technical School,Together,46772.0,350,104,189,197,151,57,6,11,8,5,8,0,48,Yes,13.872689938398358,1,web
PhD,Married,78931.0,331,197,170,58,152,35,1,2,8,13,1,0,52,No,12.908966461327857,0,store
College Graduate,Together,53977.0,620,16,165,0,24,82,5,5,5,12,5,0,65,No,13.289527720739219,1,store
College Graduate,Married,84219.0,434,137,400,45,137,45,1,3,4,10,1,0,35,No,12.635181382614647,0,store
Master,Single,46098.0,57,0,27,0,0,36,4,3,2,2,8,0,48,No,14.094455852156058,2,web
College Graduate,Married,73538.0,811,76,428,99,137,107,3,10,4,9,7,0,58,No,13.82340862422998,1,web
College Graduate,Married,79529.0,423,42,706,73,197,197,1,4,8,9,2,0,37,No,12.405201916495551,0,store
Technical School,Together,20981.0,2,12,10,6,13,30,1,3,1,2,8,0,46,Yes,13.396303901437372,0,web
College Graduate,Single,51766.0,60,51,87,6,20,51,2,4,2,4,5,0,43,No,12.53388090349076,1,web
College Graduate,Married,55759.0,675,0,85,10,7,77,5,10,3,8,8,0,61,No,13.815195071868583,1,web
College Graduate,Married,33039.0,30,8,12,8,8,12,1,2,0,4,5,0,45,No,13.034907597535934,1,store
Master,Married,37787.0,40,1,40,4,3,18,1,3,0,3,8,0,51,No,13.00479123887748,1,web
College Graduate,Single,27242.0,3,17,26,20,1,39,2,2,0,3,9,0,53,Yes,13.86173853524983,1,store
PhD,Single,87188.0,910,111,724,49,74,55,1,10,2,6,3,0,40,Yes,13.30321697467488,0,web
College Graduate,Together,69930.0,252,98,827,219,70,196,1,4,5,12,3,0,52,No,13.325119780971937,0,store
College Graduate,Single,37697.0,34,6,21,11,4,8,1,2,1,3,6,0,47,No,12.621492128678987,1,store
PhD,Married,37401.0,19,3,19,3,1,3,2,2,0,3,7,0,50,No,12.380561259411362,1,store
College Graduate,Single,3502.0,2,1,1,0,0,1,0,0,0,0,14,0,50,No,13.442847364818617,1,web
College Graduate,Married,58597.0,490,0,184,10,28,21,12,7,4,9,7,0,47,No,13.83709787816564,2,store
PhD,Widow,82032.0,332,194,377,149,125,57,0,4,6,7,1,0,75,No,12.465434633812457,0,store
College Graduate,Together,28087.0,53,8,17,13,0,21,3,2,2,2,7,0,65,No,13.779603011635865,2,web
PhD,Single,74004.0,784,48,560,42,176,48,1,4,6,4,3,0,36,Yes,12.574948665297741,0,catalog
College Graduate,Together,19740.0,7,11,3,10,4,20,2,1,1,3,5,0,63,No,13.49760438056126,1,store
Technical School,Married,57036.0,1171,43,219,19,14,47,4,6,3,13,9,0,48,Yes,13.779603011635865,1,store
Technical School,Together,53083.0,215,7,33,3,0,13,6,5,1,5,7,0,65,Yes,13.35523613963039,2,web
PhD,Married,69283.0,674,62,134,0,26,8,4,7,3,13,5,0,48,No,12.27378507871321,1,store
Master,Single,46098.0,57,0,27,0,0,36,4,3,2,2,8,0,48,Yes,14.094455852156058,2,web
Technical School,Married,23331.0,5,36,7,0,10,45,2,3,0,3,8,0,35,No,14.047912388774812,1,web
Technical School,Single,23331.0,104,20,101,24,15,5,6,5,1,5,9,0,35,No,13.963039014373717,1,web
College Graduate,Single,9255.0,9,0,7,2,0,4,1,1,1,2,8,0,34,No,12.75564681724846,1,store
PhD,Widow,67786.0,431,82,441,80,20,102,1,3,6,6,1,0,64,Yes,12.791238877481177,0,catalog
PhD,Married,71969.0,1000,0,76,0,0,10,3,3,4,9,8,0,52,Yes,13.932922655715263,1,store
Master,Single,59235.0,448,40,469,80,0,91,3,11,2,12,7,0,56,No,13.69199178644764,1,store
College Graduate,Together,31928.0,33,4,24,4,2,5,2,3,0,4,7,0,34,No,12.487337440109513,1,store
Master,Together,74881.0,505,72,270,36,27,54,4,9,2,12,5,0,62,No,13.541409993155373,2,store
College Graduate,Married,65819.0,267,38,701,149,165,63,1,5,4,10,3,0,45,No,13.81245722108145,0,store
PhD,Single,51411.0,14,0,3,0,0,1,1,0,0,3,5,0,70,No,13.325119780971937,3,store
College Graduate,Divorced,51983.0,631,0,115,10,7,30,3,9,2,10,7,0,59,No,14.05886379192334,1,store
Master,Together,42386.0,65,4,16,0,4,11,1,3,0,3,8,0,37,No,13.689253935660506,1,web
Technical School,Married,30390.0,10,12,12,25,1,20,1,2,0,3,6,0,36,No,13.05407255304586,0,store
College Graduate,Single,30983.0,51,4,50,12,1,49,1,4,0,3,8,0,60,Yes,13.867214236824093,0,web
College Graduate,Widow,66033.0,293,35,179,46,59,65,2,8,3,7,7,0,66,No,13.670088980150581,1,web
Technical School,Married,37284.0,11,1,2,2,1,6,1,0,0,3,6,0,48,No,13.483915126625599,2,store
Master,Divorced,57530.0,50,1,27,6,7,1,1,1,1,4,1,0,72,No,12.944558521560575,1,store
Technical School,Married,76800.0,173,26,255,35,71,81,1,4,4,7,1,0,58,No,12.542094455852157,0,store
College Graduate,Married,63943.0,423,184,368,13,97,21,1,6,4,6,5,0,67,No,14.053388090349076,1,web
College Graduate,Together,76081.0,292,30,415,63,33,200,1,4,5,4,2,0,61,Yes,12.334017796030116,0,catalog
College Graduate,Married,67445.0,757,80,217,29,80,11,5,9,6,12,6,0,49,No,14.11088295687885,1,store
Master,Married,37054.0,12,1,6,0,1,5,2,1,0,3,7,0,56,No,13.018480492813142,2,store
Master,Together,47175.0,167,2,44,6,2,19,7,4,2,4,8,0,61,Yes,13.900068446269678,2,web
College Graduate,Divorced,31859.0,3,1,3,8,0,5,1,1,0,2,7,0,47,No,13.273100616016427,1,store
College Graduate,Divorced,27215.0,30,5,22,8,9,28,4,2,1,4,6,0,62,No,13.661875427789186,3,store
PhD,Divorced,70179.0,532,88,168,69,44,133,3,7,3,13,5,0,47,No,13.17180013689254,1,store
College Graduate,Married,39922.0,29,12,59,19,1,36,2,3,0,4,8,0,40,No,13.60164271047228,1,store
Master,Married,49681.0,411,0,26,0,0,21,6,7,1,7,7,0,47,No,12.881587953456537,2,web
College Graduate,Married,24645.0,5,3,4,4,1,0,1,1,0,2,8,0,35,No,13.88911704312115,1,store
College Graduate,Divorced,79865.0,71,99,278,185,121,38,1,5,10,5,1,0,69,No,12.262833675564682,1,catalog
College Graduate,Married,44322.0,46,0,40,3,0,3,2,3,0,3,8,0,38,No,12.268309377138946,1,web
College Graduate,Single,47958.0,268,11,88,15,3,22,2,6,3,5,5,0,71,No,13.672826830937714,1,web
Master,Single,63972.0,928,63,254,0,12,12,4,5,4,10,4,0,59,Yes,13.804243668720055,1,store
College Graduate,Together,75315.0,459,15,171,142,23,31,2,5,4,12,2,0,69,No,12.438056125941136,1,store
PhD,Married,55517.0,483,0,108,0,6,36,5,11,1,6,9,0,73,Yes,13.984941820670773,2,web
PhD,Married,75283.0,733,9,180,12,19,66,11,6,3,5,4,0,66,No,13.489390828199863,3,web
PhD,Single,82800.0,1006,22,115,59,68,45,1,7,6,12,3,0,77,Yes,13.826146475017111,0,store
College Graduate,Married,38998.0,34,1,14,0,0,5,3,2,0,3,8,1,69,No,13.883641341546886,2,store
Master,Single,90638.0,1156,120,915,94,144,96,1,3,4,10,1,0,32,Yes,12.605065023956195,0,store
Master,Married,27161.0,7,4,23,7,0,11,1,1,0,3,7,0,37,No,12.900752908966462,1,store
College Graduate,Married,42014.0,244,15,108,4,15,50,6,7,1,6,8,0,46,Yes,14.097193702943189,1,web
PhD,Together,38201.0,233,0,23,0,0,12,4,5,1,5,8,0,63,No,13.483915126625599,1,web
College Graduate,Together,45203.0,35,3,67,10,8,24,1,3,1,3,6,0,41,Yes,12.501026694045175,2,web
PhD,Together,81574.0,1252,0,465,46,35,0,1,4,5,8,1,0,76,Yes,12.402464065708418,0,store
College Graduate,Married,34935.0,34,4,66,3,10,20,1,2,1,4,7,0,31,No,13.253935660506503,0,store
Master,Single,60482.0,255,43,134,37,14,24,1,7,2,7,7,0,47,No,13.661875427789186,1,web
College Graduate,Together,34633.0,8,1,5,0,0,1,1,1,0,2,6,0,67,No,12.66255989048597,3,store
Master,Together,78093.0,368,32,639,13,43,10,1,4,7,5,1,0,76,No,12.780287474332649,0,catalog
College Graduate,Divorced,82460.0,255,47,573,52,32,15,1,5,3,6,1,0,73,No,12.804928131416839,0,store
Master,Together,45903.0,33,8,10,2,10,3,2,2,1,3,4,0,57,No,12.41615331964408,1,store
College Graduate,Divorced,81361.0,163,23,424,27,65,76,1,3,10,13,1,0,36,Yes,12.572210814510608,0,store
PhD,Divorced,35860.0,15,0,8,4,2,20,2,1,1,2,5,0,50,Yes,12.344969199178644,2,store
Master,Together,40442.0,45,12,52,25,22,13,4,3,1,4,7,0,71,Yes,14.091718001368925,2,store
College Graduate,Married,61482.0,48,58,68,16,66,43,1,3,2,6,2,0,58,No,12.238193018480493,0,store
College Graduate,Married,34968.0,158,6,45,8,2,2,7,3,2,5,7,0,43,No,13.451060917180014,1,store
College Graduate,Married,75794.0,754,160,625,63,32,48,1,7,5,12,3,0,36,Yes,12.744695414099931,0,store
PhD,Together,31497.0,108,1,28,13,1,4,2,3,1,4,8,0,61,No,13.793292265571527,1,store
College Graduate,Married,74268.0,199,66,315,97,174,41,1,4,3,5,2,0,68,No,13.60164271047228,0,store
High School,Together,13724.0,2,7,5,2,15,27,1,2,0,2,9,0,35,Yes,14.05886379192334,1,web
Master,Together,45143.0,202,5,74,11,5,14,3,6,1,5,7,0,58,No,13.073237508555783,1,web
PhD,Single,52569.0,85,0,3,0,0,7,1,2,0,4,3,0,56,No,12.465434633812457,1,store
PhD,Single,48432.0,322,3,50,4,3,42,5,7,1,6,8,0,50,Yes,13.927446954140999,1,web
Master,Together,17144.0,18,2,19,0,2,6,5,3,0,4,7,0,63,No,12.59958932238193,2,store
College Graduate,Single,36108.0,141,8,129,3,11,47,3,7,1,4,9,0,39,Yes,12.936344969199178,1,web
College Graduate,Married,76445.0,739,107,309,140,80,35,1,2,5,13,6,0,52,No,13.982203969883642,1,store
PhD,Married,36663.0,18,0,6,3,3,5,1,1,1,3,2,0,48,No,12.410677618069816,1,store
Master,Married,53843.0,378,0,88,19,4,73,4,8,5,3,7,0,58,No,13.23750855578371,1,web
Master,Married,90226.0,1083,108,649,253,151,108,1,4,7,12,2,0,67,Yes,13.987679671457906,0,store
Master,Divorced,70638.0,1016,12,215,16,12,63,1,4,5,10,3,0,68,Yes,13.308692676249144,0,store
College Graduate,Together,44512.0,23,1,6,0,0,2,2,1,0,3,4,0,63,No,13.062286105407255,2,store
College Graduate,Married,27116.0,12,1,21,2,2,3,2,2,0,3,7,0,62,No,12.558521560574949,2,store
PhD,Married,54072.0,35,0,4,0,0,0,1,2,0,2,8,0,60,No,13.155373032169747,2,web
College Graduate,Married,71855.0,548,31,422,0,112,28,4,5,5,11,3,0,46,No,13.681040383299111,1,store
Technical School,Single,51250.0,342,32,230,34,32,40,5,10,5,4,9,0,33,Yes,13.481177275838467,1,web
Master,Married,60432.0,365,3,15,4,3,11,5,7,2,5,6,0,50,No,12.539356605065024,1,web
PhD,Married,65526.0,397,19,69,12,0,9,1,4,4,8,2,0,59,No,12.449007529089664,1,store
College Graduate,Single,68655.0,456,19,832,75,118,38,1,4,5,11,3,0,35,No,14.116358658453114,0,store
Technical School,Married,12393.0,5,6,15,11,7,13,1,2,0,3,9,0,45,No,13.79876796714579,0,store
College Graduate,Single,64509.0,836,185,575,24,25,77,1,6,3,9,4,0,33,Yes,13.097878165639973,0,store
College Graduate,Single,33955.0,100,2,128,23,7,10,4,5,1,5,8,0,48,No,13.119780971937029,1,web
College Graduate,Married,31353.0,10,0,10,3,1,7,2,1,1,2,8,0,46,Yes,12.731006160164272,2,store
College Graduate,Married,55434.0,238,115,215,169,69,76,3,5,3,13,4,0,39,No,12.9637234770705,1,store
College Graduate,Together,28359.0,6,0,5,2,1,2,1,1,0,2,7,0,40,No,12.903490759753593,1,store
College Graduate,Single,57100.0,158,11,99,15,11,17,2,3,2,7,3,0,36,No,12.347707049965777,1,store
College Graduate,Married,69139.0,86,12,75,33,15,6,1,4,1,5,4,0,58,No,12.65160848733744,1,store
Master,Married,52973.0,856,0,76,12,9,199,7,9,6,9,8,0,67,No,13.869952087611225,1,web
PhD,Together,51717.0,98,1,17,0,1,5,1,3,0,4,7,0,58,Yes,13.089664613278575,1,store
College Graduate,Married,18793.0,4,16,20,0,17,20,3,2,0,4,8,0,52,No,13.69199178644764,1,store
Technical School,Together,66664.0,398,96,447,220,96,32,1,5,7,6,3,0,41,No,13.990417522245037,0,catalog
College Graduate,Single,50664.0,313,8,104,6,4,126,9,8,1,6,9,0,64,No,13.681040383299111,2,web
College Graduate,Together,54414.0,109,18,16,24,26,18,4,3,1,5,4,0,60,No,13.661875427789186,2,store
PhD,Married,54549.0,216,2,6,0,0,9,2,5,1,4,7,0,71,No,12.555783709787816,1,web
PhD,Widow,47111.0,595,71,153,120,112,41,6,3,2,10,9,0,52,No,14.036960985626283,1,store
PhD,Divorced,41003.0,123,133,142,71,44,88,1,6,2,8,6,0,60,No,13.516769336071183,0,store
College Graduate,Together,19444.0,16,0,23,3,2,10,3,4,1,2,7,0,41,Yes,12.580424366872005,1,web
Technical School,Together,36301.0,11,12,35,3,5,12,1,3,0,3,7,0,47,No,12.908966461327857,1,web
PhD,Together,73059.0,410,112,420,0,82,71,1,9,3,13,4,0,76,No,13.059548254620124,1,store
PhD,Together,42731.0,159,2,51,6,2,24,3,4,1,5,5,0,54,No,12.919917864476385,1,store
PhD,Married,52854.0,105,0,10,0,1,0,2,2,1,4,5,0,64,No,12.498288843258042,2,store
College Graduate,Together,22775.0,5,1,8,0,0,1,1,1,0,2,8,0,45,No,13.259411362080767,1,store
PhD,Together,46681.0,269,15,69,15,19,38,2,4,6,4,5,0,75,No,12.955509924709103,2,catalog
PhD,Married,59821.0,629,0,70,0,0,35,6,11,2,7,8,0,68,No,13.44558521560575,1,web
College Graduate,Divorced,50002.0,443,5,71,21,16,82,2,8,2,7,7,0,69,No,13.264887063655031,1,web
College Graduate,Married,69755.0,217,77,373,111,23,93,1,3,6,12,1,0,78,No,12.971937029431896,0,store
College Graduate,Married,44078.0,24,1,10,2,0,4,2,2,0,3,5,0,54,No,12.260095824777549,2,store
Master,Together,30560.0,9,1,5,4,5,7,1,1,0,3,7,0,47,No,13.23750855578371,1,store
Master,Together,35924.0,8,0,14,2,3,7,1,1,0,3,5,0,54,No,12.501026694045175,2,store
PhD,Divorced,64140.0,1459,0,61,0,15,215,5,2,5,6,5,0,59,Yes,12.996577686516085,2,store
College Graduate,Together,56386.0,230,48,214,13,32,75,8,9,1,7,9,0,42,No,13.902806297056811,2,web
High School,Together,24594.0,1,3,6,10,0,9,1,1,0,3,5,0,44,No,12.78302532511978,1,store
Technical School,Together,75774.0,340,21,134,258,14,56,1,7,5,8,4,0,42,No,12.39151266255989,1,store
Master,Divorced,39228.0,7,1,6,0,3,3,1,0,0,3,4,0,63,No,13.36892539356605,0,store
Master,Married,58494.0,298,7,68,4,0,19,2,6,2,6,6,0,49,No,12.777549623545516,1,web
College Graduate,Single,58684.0,479,35,179,28,7,85,1,5,3,12,2,0,42,Yes,12.268309377138946,0,store
College Graduate,Divorced,57136.0,267,140,599,34,12,127,1,7,5,7,6,0,56,Yes,13.347022587268993,0,web
PhD,Widow,56551.0,67,4,32,17,2,16,3,2,1,4,4,0,73,No,12.37782340862423,2,store
College Graduate,Married,22448.0,3,1,8,23,2,18,3,2,1,3,3,0,41,No,12.569472963723477,1,store
College Graduate,Single,82014.0,980,37,265,35,163,31,1,3,6,12,6,0,62,Yes,14.088980150581794,0,store
College Graduate,Widow,34213.0,50,4,28,6,3,26,3,3,1,2,9,0,60,Yes,14.039698836413416,2,web
College Graduate,Together,157146.0,1,0,1725,2,1,1,0,0,28,0,1,0,46,No,13.399041752224504,0,catalog
PhD,Widow,25358.0,19,0,5,0,0,8,2,1,0,3,6,0,76,No,13.169062286105408,1,store
Master,Single,35544.0,30,5,23,4,1,4,1,2,0,3,7,0,45,No,12.542094455852157,1,store
Master,Together,36634.0,213,9,76,4,3,30,3,5,2,5,7,0,69,No,13.319644079397673,1,web
PhD,Married,62670.0,539,30,92,80,46,38,1,5,3,13,3,0,69,No,12.635181382614647,1,store
Technical School,Together,50334.0,284,16,160,84,16,134,6,7,4,6,6,0,51,No,13.163586584531142,1,web
College Graduate,Single,72066.0,1003,34,536,134,51,34,1,4,6,6,2,0,42,Yes,12.24914442162902,0,catalog
PhD,Single,50729.0,239,13,143,45,4,52,9,6,2,7,6,0,65,No,13.390828199863108,2,store
College Graduate,Together,34916.0,51,23,82,33,0,42,4,5,1,3,9,0,55,No,13.35523613963039,2,web
College Graduate,Divorced,64892.0,527,24,230,32,24,65,2,6,4,12,4,0,47,No,12.317590691307323,1,store
College Graduate,Single,43602.0,19,5,12,10,3,19,3,3,1,2,6,0,57,No,12.698151950718685,2,web
PhD,Single,33996.0,40,2,15,8,0,6,1,1,1,3,4,0,34,No,13.02943189596167,0,store
Technical School,Single,41473.0,21,8,20,15,3,9,1,2,0,3,7,0,38,No,13.259411362080767,1,store
PhD,Married,63246.0,593,30,91,29,22,7,1,6,3,12,4,0,56,No,13.089664613278575,2,store
PhD,Married,36732.0,21,5,3,10,1,7,3,1,1,4,2,0,64,No,12.731006160164272,2,store
PhD,Married,69084.0,1181,107,199,39,30,30,2,7,3,13,8,0,53,No,12.840520191649555,1,store
PhD,Married,77766.0,1004,59,265,115,59,27,2,11,10,11,6,0,56,Yes,13.579739904175222,1,web
PhD,Single,37929.0,202,2,46,3,2,10,2,4,2,5,7,0,38,Yes,13.14715947980835,0,store
College Graduate,Together,86610.0,446,107,768,33,196,53,1,5,6,6,2,0,72,No,13.045859000684462,0,catalog
Master,Married,80141.0,1184,102,673,52,40,40,1,7,4,10,6,0,37,Yes,13.69472963723477,0,store
Technical School,Married,72635.0,390,22,323,104,35,107,1,6,8,6,3,0,68,Yes,13.30321697467488,0,catalog
College Graduate,Married,69016.0,726,53,363,123,107,161,4,8,9,13,5,0,53,No,13.831622176591376,1,store
Technical School,Together,20193.0,8,8,22,24,11,9,1,1,1,4,4,0,32,No,13.815195071868583,0,store
College Graduate,Married,27573.0,50,15,110,39,15,15,4,5,1,4,8,0,48,No,13.494866529774127,1,web
High School,Single,15862.0,1,1,4,11,9,10,1,1,0,3,8,0,44,No,13.23750855578371,1,store
PhD,Married,49544.0,308,0,73,0,0,23,2,5,1,8,7,0,47,No,13.607118412046544,1,store
College Graduate,Married,33228.0,22,2,31,7,4,5,1,2,0,3,7,0,43,No,12.66255989048597,1,store
College Graduate,Together,70440.0,690,117,499,76,102,88,1,5,10,7,3,0,45,Yes,12.955509924709103,0,catalog
College Graduate,Together,38232.0,43,5,28,7,6,33,4,3,1,3,5,0,52,No,12.678986995208762,2,web
PhD,Married,22554.0,27,0,10,0,0,4,4,2,0,4,5,0,68,No,13.883641341546886,2,store
PhD,Married,23536.0,6,0,3,0,0,1,1,0,0,3,3,0,40,No,12.301163586584531,1,store
College Graduate,Married,49413.0,205,7,41,3,2,46,2,4,2,5,5,0,71,No,12.908966461327857,1,store
College Graduate,Married,42231.0,24,0,8,0,1,4,1,1,0,3,5,0,54,No,12.49555099247091,2,store
Master,Divorced,78789.0,667,50,850,21,83,83,1,4,6,5,2,0,43,Yes,14.121834360027378,0,catalog
College Graduate,Together,56534.0,691,7,61,10,0,46,4,10,4,7,8,0,55,Yes,13.166324435318275,1,web
College Graduate,Single,58350.0,493,26,206,116,80,80,4,8,3,12,6,0,52,No,13.713894592744696,1,store
College Graduate,Single,81217.0,493,70,324,146,40,84,1,3,7,11,1,0,34,No,13.177275838466803,0,store
College Graduate,Single,49090.0,494,5,82,7,0,100,3,7,2,9,7,0,72,No,13.177275838466803,1,store
Master,Divorced,61787.0,621,73,414,78,48,85,1,8,4,6,5,0,36,No,13.212867898699521,0,web
PhD,Married,18169.0,9,0,5,0,0,7,1,1,0,2,8,0,38,No,13.587953456536619,1,store
Technical School,Single,24336.0,1,6,2,8,2,12,1,1,0,2,7,0,42,No,14.069815195071868,1,store
College Graduate,Married,18222.0,12,4,19,12,6,14,1,2,0,3,8,0,33,No,13.724845995893224,0,store
College Graduate,Divorced,62335.0,243,131,217,85,6,26,2,3,3,13,2,0,71,No,13.333333333333334,1,store
Technical School,Together,42033.0,11,1,4,2,0,7,1,1,0,2,7,0,52,No,14.00684462696783,2,store
PhD,Married,86580.0,532,21,127,26,20,20,0,4,2,5,1,0,40,Yes,13.566050650239562,0,store
PhD,Divorced,41437.0,29,0,2,0,0,1,1,1,0,3,7,0,66,No,13.998631074606434,2,store
Master,Widow,73705.0,612,91,520,258,107,107,2,9,6,8,5,0,72,No,12.550308008213552,2,web
College Graduate,Married,61064.0,387,126,342,0,45,180,5,8,4,11,6,0,47,No,14.05886379192334,1,store
Master,Married,38452.0,56,0,14,0,0,2,3,3,0,3,7,0,68,No,12.48186173853525,2,web
College Graduate,Single,18358.0,6,8,19,16,4,4,3,3,0,4,7,0,34,No,12.837782340862423,1,store
PhD,Together,55012.0,582,0,65,0,0,13,6,8,2,9,5,0,50,No,12.506502395619439,1,store
High School,Together,9722.0,6,17,16,6,16,42,4,3,1,3,8,0,50,Yes,13.971252566735114,1,web
PhD,Married,38175.0,70,6,69,2,3,3,3,3,1,4,7,0,39,No,12.996577686516085,1,store
Master,Together,58656.0,962,12,194,16,24,12,4,7,8,13,6,0,67,Yes,14.004106776180699,1,store
College Graduate,Together,52117.0,112,10,107,30,0,20,2,5,2,4,7,0,58,No,14.099931553730322,1,web
College Graduate,Married,64813.0,293,0,124,179,97,52,1,7,2,10,5,0,45,No,12.720054757015742,1,store
PhD,Married,54222.0,199,12,31,3,12,7,1,3,3,5,3,0,50,No,12.56125941136208,1,store
College Graduate,Married,83512.0,1060,61,835,80,20,101,1,4,7,10,1,0,37,Yes,12.265571526351813,0,store
Master,Married,77520.0,940,44,396,0,88,58,1,8,7,7,4,0,64,Yes,13.067761806981519,1,web
College Graduate,Together,41154.0,44,2,11,2,3,7,1,1,0,4,5,0,45,No,13.453798767967145,1,store
College Graduate,Married,80398.0,342,51,936,207,35,26,1,5,8,12,3,0,57,Yes,13.86447638603696,0,store
High School,Single,18746.0,2,10,11,12,9,20,2,3,0,3,6,0,31,No,12.317590691307323,1,web
College Graduate,Together,35196.0,75,12,141,43,39,187,6,6,1,5,8,0,39,No,13.856262833675565,1,web
College Graduate,Single,60230.0,520,20,367,39,81,40,2,6,3,6,5,0,67,No,13.34154688569473,1,web
College Graduate,Married,22108.0,5,3,9,6,2,6,2,2,0,3,7,0,46,No,12.375085557837098,2,store
College Graduate,Together,44392.0,87,5,71,7,12,29,5,4,1,4,7,0,49,No,13.045859000684462,2,web
PhD,Married,55424.0,462,61,184,10,53,107,4,7,5,9,6,0,47,Yes,13.82340862422998,1,store
College Graduate,Married,17688.0,2,2,1,3,1,2,1,1,0,2,8,1,44,No,13.689253935660506,1,store
PhD,Married,92491.0,979,44,935,29,25,22,1,7,5,12,3,0,40,Yes,13.39356605065024,0,store
College Graduate,Single,90273.0,704,129,853,120,74,111,1,5,6,7,2,0,32,Yes,12.772073921971252,0,store
PhD,Widow,82571.0,861,31,558,62,95,79,0,6,5,13,2,0,61,Yes,12.473648186173854,0,store
PhD,Single,38513.0,172,3,115,16,0,18,5,6,1,5,8,0,41,Yes,12.648870636550308,1,web
Master,Single,16653.0,5,7,31,15,4,7,3,2,1,3,6,0,44,Yes,12.429842573579739,1,store
College Graduate,Together,42586.0,194,2,56,0,0,0,5,4,1,6,8,0,68,Yes,13.897330595482547,2,store
High School,Single,23529.0,9,7,13,3,2,20,1,1,1,2,6,0,58,No,13.705681040383299,1,store
Master,Together,74881.0,505,72,270,36,27,54,4,9,2,12,5,0,62,No,13.541409993155373,2,store
College Graduate,Married,71107.0,533,10,217,198,174,195,2,7,6,13,4,0,72,No,13.593429158110883,1,store
PhD,Together,46910.0,48,0,14,0,0,6,2,2,0,3,6,0,59,No,12.501026694045175,2,store
College Graduate,Married,18690.0,6,1,7,23,4,19,1,1,1,2,8,0,64,No,13.73305954825462,0,store
College Graduate,Divorced,37244.0,18,2,10,0,0,25,1,1,1,2,7,0,68,Yes,13.404517453798768,2,store
College Graduate,Together,82427.0,482,147,509,104,107,107,1,3,5,12,1,0,57,Yes,12.531143052703628,0,store
Technical School,Single,75342.0,204,97,97,21,118,26,1,5,2,10,4,0,65,No,13.379876796714578,1,store
College Graduate,Divorced,70044.0,1073,0,250,153,14,14,4,7,10,5,5,0,69,No,13.59069130732375,1,catalog
College Graduate,Single,79146.0,245,16,223,21,43,16,2,8,1,8,6,0,56,No,12.413415468856947,2,web
College Graduate,Married,77437.0,560,21,442,29,44,29,1,4,5,13,1,0,60,Yes,12.821355236139631,0,store
College Graduate,Married,54984.0,173,13,131,32,3,6,4,6,1,6,7,0,64,Yes,12.331279945242985,1,web
PhD,Married,42403.0,22,1,11,0,5,3,1,1,0,3,8,0,52,No,12.780287474332649,1,store
College Graduate,Together,55761.0,136,1,12,0,3,32,2,4,1,3,6,0,59,Yes,12.413415468856947,1,web
College Graduate,Together,37292.0,275,0,86,10,23,66,5,6,3,5,8,0,40,No,13.429158110882957,1,web
PhD,Single,45576.0,56,19,29,2,14,25,1,3,1,3,8,0,78,Yes,12.320328542094456,0,web
College Graduate,Together,70321.0,303,23,751,82,26,191,1,6,5,13,4,0,76,Yes,13.681040383299111,0,store
PhD,Divorced,58086.0,708,7,62,0,0,15,2,11,3,7,8,0,54,No,13.670088980150581,1,web
College Graduate,Married,81795.0,324,132,693,27,118,88,1,4,11,7,2,0,71,No,13.905544147843942,0,catalog
High School,Together,28389.0,1,5,3,7,4,8,1,1,0,2,7,0,76,No,13.83709787816564,0,store
Master,Married,66835.0,620,26,195,34,17,141,1,6,4,13,2,0,77,No,12.982888432580424,0,store
College Graduate,Divorced,69901.0,312,21,206,102,92,149,3,7,3,10,5,0,54,No,13.316906228610542,1,store
PhD,Married,80360.0,1493,86,454,112,43,43,2,4,4,5,2,0,74,Yes,13.555099247091034,0,store
PhD,Together,63342.0,918,21,118,13,10,21,3,8,3,5,6,0,62,Yes,13.932922655715263,1,web
College Graduate,Married,44989.0,98,0,106,49,10,106,5,5,1,5,6,0,49,No,14.026009582477755,1,web
Technical School,Single,31859.0,3,4,7,15,8,11,1,1,0,3,7,0,43,No,12.566735112936344,1,store
PhD,Widow,51569.0,380,0,47,6,0,34,4,7,1,7,8,0,74,Yes,13.607118412046544,1,web
College Graduate,Widow,30372.0,15,0,12,7,3,7,3,2,0,3,7,0,52,No,13.741273100616016,2,store
High School,Single,16014.0,3,9,4,7,8,7,4,1,1,4,3,0,44,No,13.516769336071183,2,store
College Graduate,Married,41120.0,24,2,23,0,8,24,3,2,1,3,6,0,55,No,12.876112251882272,2,store
Master,Single,39763.0,80,1,60,4,6,16,2,5,1,2,9,0,52,Yes,13.13347022587269,1,web
PhD,Married,38725.0,31,0,6,2,1,5,2,1,0,4,4,0,68,No,12.369609856262834,2,store
College Graduate,Married,77981.0,138,120,204,16,126,60,3,7,4,7,5,0,51,No,13.325119780971937,1,web
Technical School,Married,62905.0,166,75,96,119,107,59,3,7,2,8,4,0,59,No,13.032169746748803,1,store
Technical School,Divorced,13533.0,12,3,8,8,0,17,2,2,0,3,7,0,44,No,13.535934291581109,1,store
College Graduate,Together,59481.0,178,3,85,71,66,58,2,3,3,8,2,0,48,No,12.914442162902121,1,store
College Graduate,Married,72117.0,707,20,171,65,60,50,1,9,7,9,5,0,46,No,13.089664613278575,1,web
Technical School,Married,21955.0,5,1,7,17,14,11,2,2,1,3,6,0,37,No,13.040383299110198,1,store
College Graduate,Married,67131.0,465,71,250,93,35,62,3,9,2,12,6,0,67,No,13.492128678986996,1,store
PhD,Single,36802.0,16,1,2,0,0,1,1,1,0,3,5,0,43,No,12.268309377138946,1,store
College Graduate,Together,71853.0,358,108,413,141,97,32,1,2,8,6,1,0,41,No,13.374401095140314,0,catalog
High School,Married,28249.0,1,9,7,2,14,10,1,2,0,3,6,0,62,No,12.271047227926077,0,store
Master,Married,47808.0,123,1,26,2,0,72,2,3,2,3,7,0,48,Yes,12.922655715263518,1,web
PhD,Divorced,25509.0,40,3,30,10,7,11,3,3,0,3,9,0,49,Yes,14.009582477754963,1,web
PhD,Married,51012.0,102,9,63,2,9,24,1,4,1,4,6,0,77,No,13.429158110882957,0,web
College Graduate,Single,70596.0,347,44,534,17,0,26,1,3,5,12,2,0,38,No,13.963039014373717,0,store
PhD,Together,85431.0,376,53,462,168,53,53,1,2,7,7,0,0,71,No,13.289527720739219,0,catalog
College Graduate,Married,42664.0,21,0,3,0,0,0,1,1,0,3,6,0,56,No,12.514715947980836,1,store
College Graduate,Together,42586.0,194,2,56,0,0,0,5,4,1,6,8,0,68,Yes,13.897330595482547,2,store
College Graduate,Single,29760.0,64,4,68,7,5,17,4,3,1,4,8,0,38,No,14.064339493497604,1,store
PhD,Married,28973.0,206,0,46,3,2,12,2,5,1,5,8,0,46,No,13.94113620807666,0,web
PhD,Together,39435.0,71,0,18,0,0,13,1,3,1,2,7,0,50,No,13.127994524298426,1,web
Technical School,Married,65370.0,71,22,112,138,89,29,1,2,3,13,1,0,39,No,13.141683778234086,0,store
High School,Single,20194.0,0,4,7,11,10,15,2,2,0,3,6,0,44,No,13.763175906913073,1,store
PhD,Single,42473.0,93,1,21,0,4,25,3,2,1,4,5,0,47,No,12.594113620807667,2,store
College Graduate,Married,64590.0,920,138,168,36,46,30,1,9,4,10,6,0,55,No,13.938398357289527,0,store
College Graduate,Together,71232.0,653,17,170,34,26,17,2,11,2,10,7,0,64,No,12.815879534565367,1,web
College Graduate,Together,34600.0,199,33,60,8,3,15,5,5,2,5,8,0,52,Yes,13.722108145106091,2,web
College Graduate,Single,46904.0,153,4,56,0,9,31,4,5,1,4,8,0,56,No,13.883641341546886,2,web
College Graduate,Married,49094.0,376,0,38,11,8,69,5,6,3,6,6,0,50,No,14.001368925393566,1,web
College Graduate,Together,36075.0,46,0,30,12,1,30,1,2,0,4,6,0,40,No,12.785763175906913,1,store
Technical School,Together,60839.0,600,21,128,223,150,128,13,2,2,12,8,0,44,No,14.067077344284737,2,store
College Graduate,Together,77298.0,425,115,292,23,35,79,1,6,6,11,3,0,44,No,12.8870636550308,1,store
College Graduate,Together,34026.0,18,6,15,12,8,17,3,2,1,3,5,0,73,No,13.130732375085557,2,store
PhD,Single,48918.0,52,0,9,0,0,1,2,1,0,4,4,0,60,No,12.446269678302533,2,store
Technical School,Together,82122.0,734,22,350,151,25,100,1,3,9,13,1,0,61,Yes,13.103353867214237,0,store
College Graduate,Single,37697.0,34,6,21,11,4,8,1,2,1,3,6,0,47,No,12.621492128678987,1,store
College Graduate,Together,34074.0,135,1,41,10,1,67,5,3,3,3,6,0,71,Yes,13.193702943189596,2,web
Master,Married,28520.0,11,0,10,0,2,20,1,1,1,2,6,0,63,No,13.273100616016427,2,store
College Graduate,Single,62535.0,163,48,90,0,45,52,1,3,2,8,3,0,68,No,12.969199178644764,1,store
Master,Single,36273.0,29,3,30,3,2,9,2,3,0,3,6,0,46,No,12.435318275154003,1,web
College Graduate,Together,63404.0,734,26,70,11,44,17,2,6,3,4,4,0,59,Yes,12.295687885010267,2,web
Technical School,Together,75774.0,340,21,134,258,14,56,1,7,5,8,4,0,42,No,12.39151266255989,1,store
College Graduate,Together,78416.0,453,38,279,188,38,183,2,7,7,10,3,0,47,No,12.238193018480493,1,store
College Graduate,Together,75702.0,1073,0,629,145,37,37,1,10,5,13,6,0,49,Yes,13.938398357289527,1,store
Master,Together,59385.0,135,0,10,0,4,36,2,3,1,4,5,0,72,No,13.401779603011637,2,store
College Graduate,Single,37070.0,231,7,137,4,15,39,9,5,1,8,7,0,57,Yes,13.508555783709788,2,store
College Graduate,Married,44689.0,18,0,5,0,0,11,2,1,1,2,7,0,72,Yes,12.698151950718685,2,store
College Graduate,Together,53977.0,620,16,165,0,24,82,5,5,5,12,5,0,65,No,13.289527720739219,1,store
PhD,Single,7144.0,81,4,33,5,2,291,0,23,1,1,0,0,57,No,12.791238877481177,2,web
College Graduate,Single,18701.0,12,4,2,10,6,10,4,2,0,4,5,0,59,No,13.300479123887747,2,store
College Graduate,Married,90369.0,292,51,981,224,23,17,1,4,6,6,1,0,67,Yes,12.402464065708418,0,catalog
PhD,Single,63159.0,965,34,586,89,86,37,1,3,5,8,3,0,49,Yes,13.878165639972622,0,store
College Graduate,Together,37758.0,27,2,10,0,0,1,2,1,0,3,8,0,57,No,13.96577686516085,2,store
PhD,Single,46757.0,777,30,163,0,51,122,6,4,4,7,9,0,60,No,13.848049281314168,1,store
Master,Married,79734.0,572,8,232,23,62,17,1,4,3,6,1,0,54,Yes,12.235455167693361,0,store
College Graduate,Together,63207.0,438,169,565,91,169,70,1,2,3,6,7,0,31,Yes,13.670088980150581,0,store
College Graduate,Divorced,72071.0,531,69,300,150,138,150,3,5,4,8,2,0,69,No,13.60164271047228,1,store
PhD,Together,21840.0,17,0,9,0,0,1,1,1,0,3,9,0,40,No,13.17180013689254,1,store
Technical School,Together,58582.0,402,35,106,101,77,42,2,9,2,9,5,0,41,Yes,12.982888432580424,1,web
College Graduate,Single,72282.0,503,27,419,90,139,153,1,5,7,9,7,0,72,Yes,13.177275838466803,0,store
College Graduate,Married,50387.0,369,9,87,12,14,34,3,6,2,8,5,0,67,No,13.059548254620124,2,store
PhD,Together,32583.0,5,0,3,0,0,1,1,1,0,2,7,0,62,No,12.271047227926077,2,store
College Graduate,Together,62568.0,362,17,398,80,35,61,3,5,3,5,4,0,61,Yes,12.459958932238193,1,web
Master,Divorced,44635.0,56,0,9,0,0,3,2,2,0,3,7,0,52,No,12.947296372347708,2,store
Master,Single,33316.0,79,1,31,4,4,12,3,2,1,4,6,0,52,No,12.966461327857632,2,store
College Graduate,Married,63967.0,387,84,141,73,35,162,3,4,4,12,2,0,55,No,13.119780971937029,1,store
Technical School,Together,52513.0,367,17,241,104,188,232,2,9,5,9,7,0,45,No,14.047912388774812,0,web
College Graduate,Married,25293.0,15,0,11,0,2,9,1,1,1,2,8,0,54,No,13.018480492813142,1,store
PhD,Widow,54111.0,267,6,54,8,3,50,2,5,2,6,5,0,58,No,13.075975359342916,1,store
College Graduate,Together,78394.0,298,27,697,216,24,166,1,4,6,5,2,0,37,Yes,13.598904859685147,0,catalog
Master,Married,80739.0,674,92,736,39,0,92,1,3,11,9,1,0,65,No,13.333333333333334,0,catalog
Master,Together,22669.0,16,14,36,37,22,48,3,4,1,2,9,0,48,Yes,13.336071184120465,1,web
College Graduate,Single,29236.0,37,4,24,16,9,9,2,4,0,3,9,0,36,No,12.955509924709103,1,web
College Graduate,Together,44911.0,159,0,22,2,1,31,3,4,1,4,7,0,64,No,13.522245037645447,1,web
PhD,Married,54693.0,686,17,142,23,26,35,8,6,4,13,6,0,61,No,13.593429158110883,1,store
College Graduate,Together,48186.0,97,3,66,12,7,34,3,4,1,4,7,0,49,No,12.509240246406572,1,web
College Graduate,Married,54809.0,63,6,57,13,13,22,4,2,1,5,4,0,46,Yes,13.02943189596167,2,store
College Graduate,Together,41580.0,56,5,24,4,0,3,3,2,1,3,5,0,45,No,13.782340862422998,2,store
PhD,Married,80336.0,209,19,456,160,142,66,1,2,9,13,1,0,53,No,13.034907597535934,0,store
College Graduate,Married,47743.0,198,2,43,0,12,20,3,4,1,6,6,0,66,Yes,13.503080082135524,1,store
Technical School,Married,62972.0,313,15,47,20,0,192,2,7,4,3,6,0,68,No,14.13552361396304,1,web
PhD,Divorced,57333.0,941,14,397,76,58,176,11,8,5,9,6,0,69,Yes,13.998631074606434,1,store
PhD,Together,32313.0,86,4,56,2,4,7,3,4,0,4,9,0,41,No,13.609856262833675,1,web
Master,Widow,84953.0,167,48,602,63,72,72,1,3,10,4,2,0,70,Yes,13.30321697467488,0,catalog
Master,Divorced,27071.0,8,3,19,0,2,3,2,2,0,3,6,0,55,No,12.41615331964408,1,store
Master,Together,68148.0,389,66,408,37,57,85,1,4,4,6,2,0,66,No,13.059548254620124,0,store
Master,Together,65735.0,239,7,119,4,15,11,5,6,2,6,7,0,58,No,12.791238877481177,2,web
PhD,Married,86836.0,179,21,273,0,21,63,1,6,10,6,5,0,48,Yes,14.026009582477755,0,catalog
PhD,Married,4023.0,5,0,1,1,1,1,15,0,0,0,19,0,60,No,12.24914442162902,2,web
College Graduate,Married,30093.0,2,6,28,13,4,16,1,2,0,3,7,0,33,No,13.207392197125257,0,store
PhD,Married,57705.0,383,0,53,6,4,40,3,8,1,6,6,0,57,No,12.695414099931554,1,web
College Graduate,Single,25008.0,2,8,8,6,1,9,2,1,0,3,8,0,35,No,12.635181382614647,1,store
Technical School,Single,83257.0,536,27,590,38,107,67,1,5,10,12,6,1,28,Yes,14.009582477754963,0,store
College Graduate,Together,22280.0,2,1,4,3,1,2,1,1,0,2,8,0,48,No,13.344284736481862,1,store
PhD,Married,72159.0,322,53,899,34,40,53,1,4,6,10,2,0,45,No,13.897330595482547,0,store
College Graduate,Together,64260.0,539,169,816,20,0,30,1,4,5,4,3,0,62,Yes,13.69472963723477,0,catalog
PhD,Single,82733.0,712,50,420,65,38,38,1,8,4,7,4,0,39,Yes,13.032169746748803,0,web
Master,Divorced,74290.0,1121,0,72,0,12,12,4,10,8,10,6,0,52,Yes,13.111567419575634,1,web
Master,Single,58217.0,68,1,13,3,5,13,1,2,0,4,6,0,72,No,13.845311430527037,3,store
Master,Together,21024.0,36,4,18,6,2,18,1,2,0,4,7,0,47,No,13.218343600273785,0,store
PhD,Married,70116.0,707,44,603,95,58,29,1,2,8,12,1,0,51,No,13.653661875427789,0,store
College Graduate,Together,54006.0,174,77,203,6,24,97,2,8,1,7,7,0,38,No,14.009582477754963,1,web
PhD,Married,69063.0,666,35,124,69,8,26,1,5,3,5,3,0,57,No,13.872689938398358,1,web
Technical School,Divorced,11448.0,0,0,0,6,2,6,1,1,0,2,6,0,48,No,12.76933607118412,0,store
College Graduate,Single,61825.0,162,50,100,55,30,27,1,4,2,8,4,0,44,No,13.125256673511293,1,store
College Graduate,Married,70886.0,407,70,239,103,88,53,1,5,4,4,2,0,52,No,12.93908281998631,1,web
College Graduate,Married,69109.0,823,25,459,124,29,95,1,6,6,7,4,0,41,Yes,13.867214236824093,0,store
College Graduate,Widow,60208.0,488,23,71,15,0,59,11,8,3,7,7,0,50,Yes,13.957563312799453,2,web
Master,Together,32889.0,28,0,13,4,2,8,3,2,1,3,5,0,55,No,13.043121149897331,2,store
College Graduate,Single,34738.0,3,2,10,3,0,2,1,1,0,3,6,0,39,No,12.366872005475702,1,store
Master,Together,30538.0,284,0,52,8,3,20,4,9,0,4,10,0,52,No,13.973990417522245,1,web
Technical School,Together,82326.0,938,142,754,159,81,183,1,5,10,6,2,0,46,Yes,12.536618754277892,0,catalog
PhD,Divorced,26642.0,13,2,15,2,2,8,2,2,0,3,6,0,56,No,12.56125941136208,1,store
College Graduate,Divorced,69932.0,412,172,153,150,105,57,2,7,6,11,4,0,59,No,13.27857631759069,1,store
College Graduate,Single,44503.0,31,1,8,0,0,8,2,2,0,3,6,0,51,No,12.435318275154003,2,store
PhD,Single,60200.0,502,19,132,0,6,26,6,6,2,11,6,0,75,No,13.71937029431896,1,store
College Graduate,Divorced,49638.0,18,10,3,3,5,0,1,1,0,3,2,0,71,No,12.427104722792608,1,store
Technical School,Single,23830.0,1,8,6,4,8,16,1,1,0,3,7,0,36,No,12.621492128678987,0,store
Master,Widow,33051.0,100,71,243,108,94,219,3,9,1,8,9,0,64,Yes,14.099931553730322,0,web
College Graduate,Married,72905.0,407,114,445,181,165,203,1,3,7,9,1,0,65,Yes,12.668035592060233,0,store
PhD,Together,69702.0,664,9,240,50,19,57,2,7,7,10,4,0,72,No,13.587953456536619,1,store
College Graduate,Divorced,70300.0,1045,61,338,60,46,46,3,5,5,13,8,0,48,No,13.188227241615332,1,store
PhD,Married,70643.0,1218,107,304,23,143,33,1,5,8,4,6,0,39,Yes,13.935660506502396,0,catalog
PhD,Married,30396.0,15,0,6,0,1,12,2,1,1,2,7,0,54,Yes,12.396988364134154,1,store
PhD,Divorced,50616.0,128,0,16,0,1,4,2,4,0,4,7,0,55,No,12.429842573579739,1,web
Master,Single,62772.0,581,49,157,43,8,108,1,5,6,11,2,0,54,Yes,13.344284736481862,1,store
PhD,Single,30298.0,6,3,12,6,1,0,1,1,1,3,3,0,38,No,12.344969199178644,0,store
College Graduate,Single,52413.0,185,8,133,56,56,12,2,7,1,7,7,0,39,No,13.883641341546886,1,web
PhD,Married,44155.0,22,1,9,0,0,14,1,1,1,2,4,0,66,No,12.673511293634498,2,store
PhD,Divorced,86979.0,584,100,835,65,83,35,1,5,5,5,2,0,52,Yes,12.873374401095141,0,web
College Graduate,Together,76532.0,355,30,177,90,138,30,4,9,5,7,5,0,48,No,13.034907597535934,2,web
College Graduate,Married,42081.0,175,10,110,54,6,27,2,6,3,4,6,0,41,Yes,13.568788501026694,1,web
PhD,Married,67546.0,864,134,768,150,38,172,1,4,10,5,3,0,35,No,14.05886379192334,0,catalog
Master,Together,88420.0,957,153,612,99,95,153,1,4,7,8,1,0,34,Yes,12.39151266255989,0,store
College Graduate,Married,31158.0,25,6,16,20,0,5,2,2,0,3,8,0,38,No,13.650924024640657,1,store
College Graduate,Divorced,61671.0,641,7,56,0,0,28,8,10,4,6,8,0,55,Yes,12.303901437371664,1,web
College Graduate,Single,69719.0,273,86,208,177,14,43,1,2,3,5,1,0,49,No,12.32580424366872,0,store
College Graduate,Divorced,49160.0,122,21,43,25,10,15,2,3,1,6,6,0,74,No,12.922655715263518,1,store
High School,Together,24882.0,1,4,10,29,0,36,1,1,1,2,6,0,45,Yes,14.03422313483915,1,store
PhD,Single,90933.0,1020,31,430,62,63,79,1,4,6,4,1,0,69,Yes,12.479123887748118,0,catalog
PhD,Single,113734.0,6,2,3,1,262,3,0,27,0,0,1,0,78,No,12.320328542094456,0,web
PhD,Together,59292.0,378,14,68,19,14,14,2,3,5,8,3,0,73,No,13.27583846680356,1,store
PhD,Married,45759.0,42,1,18,3,0,4,2,2,0,3,7,0,59,No,13.57700205338809,2,store
College Graduate,Single,22148.0,15,5,14,0,4,11,1,1,0,3,7,0,40,No,12.4435318275154,0,store
Master,Married,73395.0,272,7,80,20,7,11,1,4,4,6,2,0,36,No,12.514715947980836,0,store
College Graduate,Divorced,29819.0,9,1,24,2,1,2,3,3,0,3,6,0,52,No,12.91170431211499,1,web
College Graduate,Married,45688.0,279,0,18,0,0,9,2,3,1,8,4,0,55,Yes,12.657084188911705,1,store
College Graduate,Married,62820.0,398,61,265,138,61,53,1,3,4,6,1,0,69,No,13.366187542778919,0,store
PhD,Married,60491.0,637,47,237,12,19,76,4,6,11,7,5,0,52,No,13.043121149897331,1,catalog
College Graduate,Together,33235.0,45,0,16,2,1,6,1,3,0,3,7,0,37,No,12.626967830253252,1,web
College Graduate,Married,35701.0,21,1,9,7,3,5,1,1,0,3,6,0,64,No,13.51129363449692,0,store
Master,Married,31535.0,15,4,13,0,0,19,1,1,1,2,7,0,43,Yes,12.988364134154688,1,store
Technical School,Together,92556.0,493,183,352,184,23,28,0,3,5,13,0,0,63,No,12.424366872005475,0,store
College Graduate,Single,67384.0,957,40,175,158,53,107,2,7,8,5,5,0,53,Yes,13.86447638603696,1,catalog
Master,Together,80573.0,829,138,430,60,92,15,1,4,6,13,2,0,52,No,13.938398357289527,0,store
College Graduate,Married,77870.0,1017,50,500,65,50,133,3,5,5,5,8,0,56,Yes,14.08350444900753,1,web
PhD,Widow,52278.0,953,0,71,0,0,174,6,10,5,10,8,0,60,No,13.656399726214921,1,web
College Graduate,Single,57107.0,159,0,120,0,0,137,7,4,4,8,8,0,55,Yes,14.078028747433265,1,store
College Graduate,Married,18929.0,32,0,8,23,4,18,1,1,0,4,6,0,33,No,13.596167008898014,0,store
PhD,Single,36038.0,23,0,15,0,2,7,2,3,0,3,6,0,42,No,13.311430527036277,1,web
College Graduate,Single,20180.0,18,42,24,15,20,18,1,2,1,4,7,0,47,No,13.585215605749486,0,store
PhD,Together,34230.0,15,0,4,0,0,2,1,1,0,2,7,0,58,No,13.738535249828884,2,store
Technical School,Single,31878.0,23,4,5,10,5,23,1,1,0,4,3,0,46,No,12.251882272416154,1,store
Technical School,Married,70932.0,200,193,100,46,185,185,2,6,2,12,3,0,51,No,12.673511293634498,1,store
College Graduate,Single,91249.0,1324,27,119,71,108,27,0,7,9,6,4,0,67,Yes,13.921971252566735,0,catalog
Master,Single,77598.0,1193,33,281,129,66,33,1,7,5,13,3,0,80,Yes,12.974674880219029,0,store
College Graduate,Single,80982.0,505,137,401,104,22,22,3,11,5,11,5,1,64,No,13.702943189596168,2,web
Master,Married,22701.0,2,4,9,0,4,5,1,1,0,3,5,0,46,No,13.045859000684462,1,store
PhD,Married,55212.0,1103,0,45,0,0,34,3,4,2,11,8,0,54,Yes,13.828884325804244,1,store
College Graduate,Married,70617.0,353,61,753,40,46,27,1,3,3,7,2,0,53,No,13.248459958932239,0,store
College Graduate,Single,64849.0,652,48,350,94,84,108,1,9,3,6,5,0,66,Yes,13.856262833675565,0,web
Master,Married,62694.0,379,6,157,25,91,91,5,9,3,7,7,0,58,No,13.264887063655031,2,web
PhD,Married,61917.0,46,4,36,2,2,1,1,2,0,4,5,0,49,No,12.837782340862423,2,store
PhD,Married,67472.0,162,31,127,8,17,69,2,4,2,7,3,0,76,No,12.982888432580424,1,store
Master,Married,21059.0,8,3,19,3,3,8,3,3,0,3,6,0,41,No,12.706365503080082,1,web
Master,Married,29543.0,17,3,18,3,4,18,2,3,1,2,7,0,55,No,12.476386036960985,2,web
College Graduate,Married,75903.0,340,108,185,130,38,100,2,6,6,9,3,0,72,No,13.456536618754278,1,store
Technical School,Together,34984.0,8,4,15,3,5,3,2,1,0,3,7,0,48,No,14.042436687200547,2,store
PhD,Single,54998.0,154,22,202,39,30,8,5,4,2,9,4,0,67,Yes,13.535934291581109,1,store
PhD,Widow,54356.0,710,15,30,20,0,0,3,11,2,8,8,0,74,Yes,13.839835728952773,1,web
Master,Married,34242.0,8,2,4,0,0,1,1,0,0,3,5,0,64,No,12.501026694045175,1,store
College Graduate,Married,25410.0,2,2,4,13,13,4,1,1,0,4,4,0,50,No,13.059548254620124,1,store
PhD,Married,73356.0,1050,14,322,0,14,112,1,5,11,5,2,0,39,Yes,12.624229979466119,0,catalog
College Graduate,Together,28320.0,19,1,14,3,2,4,1,1,0,3,8,0,73,No,13.686516084873375,1,store
College Graduate,Single,23763.0,22,0,6,6,2,6,1,1,0,3,7,0,46,No,14.124572210814511,1,store
College Graduate,Married,72570.0,274,83,216,151,141,224,1,4,6,12,1,0,39,No,12.410677618069816,0,store
Master,Married,34529.0,68,6,38,3,6,41,2,2,2,3,7,0,47,No,14.020533880903491,1,store
College Graduate,Widow,70792.0,344,45,654,104,11,114,2,3,4,10,3,0,72,No,13.623545516769337,0,store
College Graduate,Married,63211.0,145,193,459,205,26,145,2,3,8,7,2,0,41,Yes,13.886379192334017,0,catalog
Master,Married,83891.0,217,38,350,111,85,15,1,4,7,10,1,0,49,No,12.257357973990418,1,store
College Graduate,Single,36065.0,18,7,34,10,2,3,3,3,0,3,8,0,55,No,13.478439425051334,2,web
College Graduate,Together,39898.0,69,8,26,12,7,12,2,3,0,4,7,0,69,No,13.607118412046544,1,store
PhD,Single,51141.0,144,0,7,0,0,6,1,3,1,4,5,0,83,No,13.207392197125257,0,store
College Graduate,Married,56939.0,256,34,103,90,29,49,2,3,3,10,3,0,47,No,13.010266940451745,1,store
College Graduate,Single,80872.0,483,72,567,94,12,108,1,4,4,10,1,0,72,No,12.36413415468857,0,store
PhD,Together,72335.0,1285,105,653,28,21,0,1,10,4,8,8,0,47,Yes,14.108145106091717,0,web
PhD,Single,61798.0,338,4,89,11,8,13,1,4,2,9,4,0,59,No,12.829568788501026,0,store
PhD,Widow,76842.0,605,10,345,84,54,32,1,1,8,7,0,0,73,No,12.388774811772759,0,catalog
College Graduate,Together,29478.0,8,0,7,3,1,1,1,1,0,3,6,0,47,No,12.678986995208762,1,store
College Graduate,Single,46998.0,172,41,86,45,6,27,5,5,3,5,7,0,67,Yes,13.91649555099247,1,web
College Graduate,Single,96843.0,448,71,951,40,17,17,1,6,11,10,2,0,33,Yes,13.415468856947296,0,catalog
PhD,Widow,56551.0,67,4,32,17,2,16,3,2,1,4,4,0,73,No,12.37782340862423,2,store
Master,Married,70053.0,512,53,98,81,179,89,3,8,5,10,5,0,58,No,13.221081451060916,1,store
PhD,Widow,71670.0,1462,16,128,0,0,160,1,5,3,6,6,0,61,Yes,13.204654346338124,0,store
College Graduate,Married,44359.0,20,0,14,7,3,1,3,2,0,4,3,0,45,No,12.265571526351813,2,store
College Graduate,Single,40887.0,50,4,44,10,10,43,3,3,1,3,9,0,71,Yes,13.379876796714578,2,web
College Graduate,Divorced,48877.0,102,1,15,2,0,24,1,3,0,4,7,0,57,No,12.711841204654347,1,store
College Graduate,Together,74485.0,499,149,815,173,49,49,1,6,7,12,3,0,76,No,13.078713210130047,0,store
College Graduate,Together,64474.0,381,35,172,56,86,93,2,8,2,10,5,0,51,No,12.917180013689254,1,store
College Graduate,Together,77226.0,631,43,239,128,76,21,2,6,8,12,3,0,60,No,12.563997262149213,1,store
College Graduate,Widow,72643.0,526,80,553,123,94,53,1,3,10,7,2,0,74,Yes,13.566050650239562,0,catalog
Master,Together,85738.0,913,26,376,17,26,13,1,3,6,11,1,0,45,Yes,12.66255989048597,0,store
College Graduate,Divorced,55686.0,673,0,199,37,47,26,2,6,3,5,4,0,57,Yes,13.60164271047228,1,web
College Graduate,Single,39062.0,23,0,9,0,0,12,1,1,0,3,4,0,40,Yes,12.49555099247091,1,store
College Graduate,Together,34600.0,199,33,60,8,3,15,5,5,2,5,8,0,52,Yes,13.722108145106091,2,web
College Graduate,Married,40794.0,261,23,73,4,23,50,2,6,3,5,7,0,48,No,13.45927446954141,1,web
Technical School,Married,54690.0,111,16,37,7,9,18,3,3,1,5,3,0,52,No,12.873374401095141,2,store
College Graduate,Married,4428.0,16,4,12,2,4,321,0,25,0,0,1,0,54,No,12.9637234770705,1,web
Technical School,Married,32632.0,63,151,137,153,19,53,2,4,4,8,5,0,60,No,14.13826146475017,0,store
PhD,Single,38236.0,58,0,18,2,0,10,4,3,0,4,7,0,55,No,13.00479123887748,2,store
College Graduate,Married,36781.0,29,1,17,0,3,13,1,2,1,2,8,0,44,Yes,12.451745379876797,1,web
Master,Single,31385.0,3,2,12,0,1,9,1,1,0,2,8,0,39,Yes,13.796030116358658,1,store
College Graduate,Married,24570.0,28,34,62,11,14,44,3,4,0,4,9,0,39,No,13.566050650239562,1,web
PhD,Divorced,25509.0,40,3,30,10,7,11,3,3,0,3,9,0,49,Yes,14.009582477754963,1,web
College Graduate,Married,94642.0,879,143,797,106,143,143,0,5,7,9,1,0,72,Yes,12.607802874743326,0,store
Master,Married,58646.0,62,1,44,6,5,22,1,2,1,4,4,0,61,No,13.284052019164955,1,store
College Graduate,Single,53201.0,280,7,81,20,0,27,8,6,3,5,7,0,48,No,13.607118412046544,2,web
College Graduate,Together,21994.0,9,0,6,3,1,3,1,0,0,3,5,0,66,No,13.744010951403148,1,store
College Graduate,Married,57113.0,182,4,33,0,2,42,6,4,1,5,7,0,45,No,13.623545516769337,2,store
College Graduate,Married,51373.0,83,2,101,64,26,117,1,3,5,3,4,0,32,No,13.25119780971937,0,catalog
College Graduate,Married,23477.0,38,15,54,3,8,29,3,3,0,4,8,0,37,No,12.919917864476385,1,store
College Graduate,Married,58116.0,228,19,130,4,11,51,2,3,3,8,2,0,67,No,12.4435318275154,1,store
PhD,Divorced,72968.0,1092,37,592,145,37,55,1,5,5,8,3,0,60,Yes,12.766598220396988,0,store
Master,Married,39791.0,85,15,27,13,13,21,2,3,1,4,7,0,52,No,13.486652977412732,1,store
Master,Single,91712.0,1276,24,746,94,29,48,0,9,7,11,3,0,76,Yes,12.930869267624914,0,store
College Graduate,Single,94472.0,1017,33,417,108,100,16,1,5,5,5,5,0,65,Yes,12.470910335386721,1,web
College Graduate,Together,13672.0,6,2,9,2,1,5,2,1,0,3,8,0,63,No,13.431895961670088,2,store
Technical School,Married,96547.0,448,21,125,52,101,62,0,7,6,8,2,0,43,Yes,12.334017796030116,0,store
College Graduate,Married,79205.0,504,23,117,179,28,44,1,6,5,4,4,0,48,Yes,14.064339493497604,0,web
PhD,Together,56559.0,226,22,133,41,31,31,3,4,3,8,4,0,48,No,13.741273100616016,1,store
PhD,Married,32644.0,239,3,141,0,7,23,4,7,1,6,8,0,50,Yes,13.681040383299111,1,web
Technical School,Single,67506.0,90,38,67,33,36,67,1,4,1,6,3,0,43,No,12.720054757015742,1,store
College Graduate,Single,24206.0,7,2,8,3,2,3,1,1,0,3,6,0,53,No,13.541409993155373,1,store
PhD,Divorced,28420.0,4,2,5,2,0,0,1,1,0,2,6,0,56,No,12.744695414099931,1,store
College Graduate,Married,22979.0,16,17,19,20,21,22,3,3,2,2,8,0,53,Yes,14.042436687200547,1,web
College Graduate,Single,33279.0,10,3,3,0,0,0,1,0,0,3,3,0,57,No,12.279260780287474,0,store
Master,Single,46423.0,68,0,16,0,0,8,3,2,0,4,7,0,51,No,13.010266940451745,2,store
College Graduate,Married,30368.0,35,0,13,2,0,2,2,2,0,3,8,0,46,No,12.873374401095141,1,store
College Graduate,Married,63684.0,575,80,428,208,93,80,3,8,4,8,5,0,53,No,13.820670773442847,1,web
College Graduate,Divorced,41638.0,315,0,31,4,0,91,4,5,5,3,8,0,59,Yes,13.604380561259411,1,web
PhD,Divorced,68805.0,182,2,49,17,13,20,1,3,1,7,2,0,64,No,13.013004791238878,1,store
PhD,Together,65814.0,561,14,113,10,14,35,3,8,2,10,5,0,57,No,12.558521560574949,1,store
College Graduate,Divorced,71964.0,587,51,932,180,34,86,1,5,6,5,3,0,65,No,13.34154688569473,0,catalog
College Graduate,Single,39146.0,94,1,33,13,12,12,3,4,0,4,8,0,37,No,13.60164271047228,1,web
College Graduate,Together,96876.0,908,43,735,40,194,21,1,7,7,9,2,0,46,Yes,13.127994524298426,0,store
High School,Married,34445.0,228,122,122,208,129,30,6,11,2,8,9,0,42,No,13.650924024640657,0,web
College Graduate,Single,68281.0,995,112,417,42,48,41,1,2,9,13,5,0,65,Yes,14.124572210814511,0,store
Technical School,Married,37284.0,11,1,2,2,1,6,1,0,0,3,6,0,48,No,13.483915126625599,2,store
College Graduate,Married,36790.0,3,3,14,15,21,10,1,2,1,2,9,0,40,Yes,13.560574948665298,0,web
College Graduate,Together,27943.0,12,1,16,4,1,3,3,2,0,3,8,0,56,No,13.437371663244353,2,store
College Graduate,Divorced,22263.0,17,0,2,0,0,2,2,1,0,3,6,1,72,No,12.48186173853525,2,store
College Graduate,Together,30261.0,8,0,5,0,3,6,1,0,0,3,8,0,51,No,13.990417522245037,3,store
College Graduate,Together,28587.0,22,4,17,12,10,13,3,2,0,4,6,0,45,No,12.607802874743326,1,store
Master,Married,43815.0,14,10,29,4,7,15,1,2,0,3,6,0,41,No,13.464750171115675,1,store
College Graduate,Married,48195.0,106,27,68,52,7,5,6,4,2,5,6,0,67,No,12.668035592060233,2,store
Master,Married,77027.0,820,57,242,45,0,11,2,8,3,6,4,0,71,No,12.626967830253252,1,web
PhD,Married,71322.0,753,43,226,69,10,204,2,8,5,13,4,0,58,No,13.596167008898014,1,store
Master,Married,32765.0,13,3,17,7,3,3,2,2,0,4,5,0,44,No,12.577686516084873,1,store
College Graduate,Together,29672.0,9,1,3,0,4,8,1,0,0,3,6,0,58,No,13.530458590006845,2,store
College Graduate,Divorced,23272.0,19,3,6,4,2,12,1,1,0,3,4,0,70,No,12.930869267624914,0,store
Master,Together,49912.0,520,8,223,32,49,42,4,10,5,7,8,0,74,Yes,14.039698836413416,1,web
Technical School,Together,7500.0,5,17,17,13,14,34,4,2,1,3,9,0,38,No,14.140999315537304,1,store
PhD,Widow,68117.0,618,44,215,0,17,36,2,11,8,4,6,0,76,Yes,13.535934291581109,1,web
College Graduate,Married,67225.0,315,35,322,46,7,143,3,7,2,11,5,0,68,No,12.821355236139631,1,store
College Graduate,Married,17649.0,15,1,23,0,5,1,3,3,0,3,8,0,47,No,12.85968514715948,1,web
College Graduate,Together,55914.0,384,60,364,119,101,232,4,11,6,8,7,0,48,No,13.399041752224504,1,web
College Graduate,Married,40059.0,110,29,92,28,10,145,1,6,2,3,8,0,39,Yes,12.982888432580424,1,web
College Graduate,Together,60905.0,208,17,76,36,17,38,2,3,3,7,2,0,73,No,12.796714579055442,1,store
College Graduate,Married,75330.0,555,82,257,93,61,61,4,10,3,12,6,0,46,No,13.96577686516085,2,store
College Graduate,Single,60689.0,240,90,216,63,6,24,4,4,4,10,3,0,72,No,13.308692676249144,1,store
College Graduate,Married,38680.0,11,0,36,15,5,12,1,2,0,3,7,0,39,No,13.486652977412732,1,store
College Graduate,Together,61416.0,848,154,323,201,61,78,1,10,3,10,6,0,41,Yes,13.618069815195073,0,web
College Graduate,Single,49767.0,202,47,197,55,42,149,1,5,4,8,4,0,32,No,13.390828199863108,0,store
College Graduate,Single,83273.0,433,89,650,16,102,102,10,4,6,9,7,0,53,No,13.990417522245037,3,store
College Graduate,Married,29009.0,6,6,15,10,5,2,2,2,0,3,6,0,42,No,12.813141683778234,1,store
Master,Married,45057.0,37,0,7,3,0,3,1,2,0,3,5,0,44,No,12.80766598220397,1,store
College Graduate,Married,37150.0,167,37,64,49,34,116,8,4,3,6,7,0,52,No,14.028747433264886,1,store
College Graduate,Single,43020.0,45,7,99,4,25,43,3,4,1,4,6,0,53,No,12.810403832991103,1,web
College Graduate,Married,53154.0,129,0,21,0,1,7,1,3,1,4,4,0,64,No,12.28747433264887,1,store
College Graduate,Married,65308.0,713,0,264,120,80,34,1,7,8,12,4,0,50,Yes,13.02943189596167,0,store
College Graduate,Single,76467.0,676,161,426,210,44,58,2,2,5,5,6,0,53,Yes,14.097193702943189,1,catalog
Technical School,Married,81044.0,450,26,535,73,98,26,1,5,6,10,1,0,76,No,12.736481861738536,0,store
College Graduate,Married,32871.0,22,2,12,0,2,5,1,1,0,3,4,0,72,No,13.538672142368242,2,store
College Graduate,Single,55801.0,367,4,51,6,4,95,6,7,2,6,7,0,48,Yes,12.999315537303216,2,web
College Graduate,Widow,76320.0,526,35,214,69,53,35,2,6,3,4,2,0,64,No,12.251882272416154,1,web
Master,Single,36927.0,51,0,16,0,0,4,2,3,0,3,8,0,68,No,12.306639288158795,2,web
College Graduate,Together,48794.0,25,0,11,3,0,15,1,1,0,3,4,0,70,No,12.240930869267626,2,store
College Graduate,Single,23478.0,28,6,27,12,17,39,1,3,0,3,8,0,58,No,13.51129363449692,0,web
College Graduate,Divorced,71128.0,958,159,447,20,0,31,3,2,10,12,7,0,50,No,13.960301163586584,1,store
PhD,Divorced,70179.0,532,88,168,69,44,133,3,7,3,13,5,0,47,No,13.17180013689254,1,store
College Graduate,Married,59462.0,724,17,143,0,8,196,2,9,2,12,7,0,73,No,13.711156741957563,1,store
College Graduate,Together,38361.0,39,0,56,20,8,14,3,3,1,3,7,0,54,No,12.736481861738536,1,web
PhD,Together,70038.0,587,54,348,71,54,130,1,4,4,8,2,0,41,No,12.908966461327857,0,store
College Graduate,Together,42554.0,29,1,11,0,0,0,2,2,0,3,4,0,45,No,13.69199178644764,2,store
College Graduate,Married,67445.0,757,80,217,29,80,11,5,9,6,12,6,0,49,No,14.11088295687885,1,store
College Graduate,Widow,67046.0,544,35,133,23,151,107,2,4,5,4,2,0,72,No,13.708418891170432,1,catalog
College Graduate,Married,42192.0,40,15,15,17,6,7,1,2,1,3,4,0,75,No,13.043121149897331,0,store
PhD,Married,77610.0,1245,33,332,21,33,16,2,4,7,4,7,0,71,No,13.897330595482547,1,catalog
College Graduate,Married,31761.0,19,1,20,16,14,28,2,3,0,4,5,0,39,No,12.465434633812457,1,store
College Graduate,Together,34350.0,16,3,15,2,1,11,1,1,0,3,7,0,44,No,12.92539356605065,1,store
College Graduate,Together,54591.0,376,4,94,12,9,24,3,6,2,8,5,0,74,No,13.130732375085557,1,store
College Graduate,Married,71866.0,184,178,178,103,39,33,1,6,3,10,3,0,67,No,12.7419575633128,1,store
College Graduate,Married,25293.0,15,0,11,0,2,9,1,1,1,2,8,0,54,No,13.018480492813142,1,store
PhD,Single,42000.0,124,83,267,85,59,35,2,5,2,11,5,0,36,Yes,13.697467488021903,0,store
College Graduate,Married,69520.0,627,120,414,121,80,93,1,9,6,5,5,0,40,No,13.210130047912388,0,web
College Graduate,Divorced,64713.0,180,60,241,13,54,54,2,5,5,7,4,0,53,Yes,12.621492128678987,1,store
Master,Married,27889.0,14,0,4,0,0,8,1,1,1,2,6,0,46,No,13.215605749486652,1,store
High School,Widow,22123.0,3,3,24,34,7,31,1,2,1,3,5,0,63,No,12.490075290896646,0,store
College Graduate,Married,27803.0,8,26,46,38,9,49,2,3,0,4,8,0,50,No,14.072553045859001,1,store
College Graduate,Married,51651.0,293,6,23,13,6,92,4,6,2,5,8,0,63,No,13.872689938398358,1,web
College Graduate,Married,68487.0,758,12,385,33,89,89,1,9,7,13,4,0,35,No,13.689253935660506,0,store
College Graduate,Married,56796.0,656,38,161,62,47,37,3,8,9,7,7,0,54,No,13.596167008898014,1,catalog
Technical School,Married,87000.0,196,25,607,67,17,49,1,4,6,7,2,0,31,No,13.768651608487337,0,store
College Graduate,Married,79823.0,835,73,380,114,73,43,1,6,9,7,2,0,64,Yes,12.479123887748118,1,catalog
College Graduate,Single,30828.0,16,11,15,2,0,12,2,1,1,4,3,0,43,No,12.966461327857632,1,store
Master,Married,34109.0,9,1,5,2,1,4,1,0,0,3,4,0,52,No,12.876112251882272,1,store
Master,Divorced,53367.0,229,7,140,10,3,11,7,5,1,8,7,0,49,Yes,13.059548254620124,2,store
High School,Together,22390.0,0,1,4,15,1,5,1,1,0,2,7,0,54,No,12.919917864476385,0,store
College Graduate,Together,71322.0,121,24,124,24,15,42,1,4,1,7,2,0,47,No,12.39151266255989,1,store
College Graduate,Single,79244.0,471,102,125,212,61,245,1,4,10,7,1,0,30,Yes,13.757700205338809,0,catalog
Master,Together,49912.0,520,8,223,32,49,42,4,10,5,7,8,0,74,Yes,14.039698836413416,1,web
PhD,Married,48699.0,26,1,10,2,0,1,1,1,0,3,5,0,73,No,13.338809034907598,2,store
College Graduate,Together,80144.0,240,132,445,250,192,108,1,3,7,8,1,0,48,No,12.97741273100616,0,store
College Graduate,Single,54252.0,178,4,26,8,4,44,5,4,1,5,6,0,67,No,13.319644079397673,2,store
Master,Married,81929.0,1486,55,278,49,0,185,2,4,4,10,6,0,47,Yes,13.979466119096509,1,store
College Graduate,Married,76068.0,1115,12,128,33,12,76,1,2,3,4,6,0,48,Yes,13.81245722108145,1,store
Master,Married,53204.0,29,0,8,2,0,6,1,1,0,3,4,0,47,No,12.509240246406572,2,store
PhD,Together,67911.0,529,0,356,63,28,0,3,6,7,11,3,0,74,No,12.336755646817249,1,store
Technical School,Married,14796.0,13,3,8,7,4,16,2,1,0,3,9,0,39,Yes,14.012320328542094,1,store
PhD,Married,78128.0,934,24,230,16,24,36,2,8,4,6,3,0,49,Yes,12.588637919233403,1,web
High School,Married,14188.0,2,7,11,16,12,27,1,2,0,4,6,0,51,No,13.56331279945243,0,store
High School,Married,20425.0,4,12,5,3,16,17,2,2,0,3,7,0,37,No,13.897330595482547,1,store
Master,Married,58646.0,62,1,44,6,5,22,1,2,1,4,4,0,61,No,13.284052019164955,1,store
College Graduate,Divorced,72967.0,158,35,179,0,0,125,2,7,2,8,5,0,53,Yes,13.768651608487337,1,store
Master,Married,48150.0,173,2,39,3,2,47,3,5,1,4,7,0,74,No,13.289527720739219,1,web
College Graduate,Single,82332.0,830,59,968,51,79,19,1,5,3,12,2,0,62,Yes,14.012320328542094,0,store
College Graduate,Widow,58275.0,189,10,253,56,43,64,6,8,2,7,7,0,68,No,13.305954825462011,2,web
PhD,Together,44953.0,728,17,133,11,8,124,1,7,3,13,6,0,42,Yes,13.752224503764545,0,store
College Graduate,Together,34587.0,7,2,9,2,0,2,2,1,0,3,4,0,70,No,12.353182751540041,2,store
Master,Together,43018.0,35,4,17,7,6,64,1,2,2,2,5,0,49,No,12.889801505817934,1,web
Master,Married,45736.0,188,3,180,20,3,43,5,7,1,6,7,0,69,No,13.163586584531142,1,web
Master,Together,66476.0,742,28,152,25,9,57,2,6,8,10,4,0,54,No,12.799452429842573,1,store
Technical School,Married,27733.0,0,7,5,26,2,17,2,2,0,3,7,0,42,No,13.073237508555783,1,store
PhD,Together,69805.0,750,71,174,13,10,20,2,6,8,11,2,0,71,No,12.668035592060233,1,store
Master,Single,72217.0,816,42,450,55,56,154,1,3,10,8,2,0,61,No,13.451060917180014,0,catalog
College Graduate,Divorced,25818.0,5,2,8,2,2,9,1,0,1,2,7,0,52,No,13.927446954140999,1,store
Master,Together,37509.0,37,5,56,12,8,5,2,3,0,4,7,0,47,No,14.026009582477755,1,store
Technical School,Together,25176.0,4,0,4,0,0,5,1,1,0,2,7,0,47,No,13.117043121149898,2,store
College Graduate,Married,43586.0,99,2,11,4,0,16,3,3,0,4,8,0,43,No,14.061601642710473,1,store
Technical School,Married,53230.0,176,72,98,136,21,229,4,5,2,12,5,0,67,No,14.13552361396304,1,store
College Graduate,Together,50116.0,54,0,10,0,0,2,2,1,0,4,5,0,66,Yes,12.257357973990418,2,store
College Graduate,Together,84906.0,997,15,414,99,30,76,1,5,6,12,2,0,51,Yes,12.966461327857632,0,store
College Graduate,Married,61286.0,356,0,107,19,9,117,2,7,1,8,5,0,57,No,13.138945927446954,1,store
PhD,Married,82333.0,1311,0,359,46,89,17,1,4,3,10,2,0,37,Yes,13.481177275838467,0,store
PhD,Together,65220.0,890,63,292,0,25,12,4,8,4,7,6,0,58,Yes,14.050650239561945,0,web
College Graduate,Together,33590.0,4,0,2,0,0,2,1,1,0,2,7,0,49,No,12.88432580424367,3,store
College Graduate,Divorced,30992.0,17,0,14,7,3,2,1,1,0,3,7,0,47,No,13.418206707734429,1,store
Master,Single,72309.0,960,0,883,50,38,0,1,5,6,8,3,0,47,Yes,13.533196440793978,0,store
PhD,Married,156924.0,2,1,2,1,1,1,0,0,0,0,0,0,74,No,13.065023956194388,0,web
High School,Married,16005.0,1,3,2,20,30,47,3,2,1,2,8,0,43,No,14.105407255304586,1,web
Master,Single,65487.0,240,67,500,199,0,163,3,3,5,6,2,0,66,No,12.698151950718685,0,store
College Graduate,Married,58692.0,301,11,61,4,7,11,1,8,2,4,7,0,58,No,12.462696783025326,1,web
College Graduate,Widow,40590.0,154,0,50,6,11,37,5,3,4,3,6,0,54,Yes,12.971937029431896,2,catalog
College Graduate,Single,20587.0,2,3,6,4,1,9,1,1,1,2,7,0,53,No,12.366872005475702,1,store
Master,Divorced,62637.0,104,12,48,4,12,5,1,2,2,5,2,0,69,No,12.56125941136208,1,store
Master,Divorced,29435.0,70,3,37,4,2,64,4,3,2,2,9,0,57,Yes,14.127310061601642,2,web
College Graduate,Divorced,19346.0,2,0,9,3,6,2,1,1,0,3,8,0,49,No,12.643394934976044,1,store
College Graduate,Married,35788.0,23,2,11,3,1,4,2,2,0,3,6,0,52,No,12.66255989048597,2,store
College Graduate,Divorced,36997.0,43,4,12,8,0,27,5,2,1,4,5,0,55,No,13.637234770704996,2,store
College Graduate,Married,23539.0,4,24,11,16,1,25,1,2,0,4,6,0,66,No,12.563997262149213,0,store
College Graduate,Single,65333.0,654,7,92,0,15,30,7,9,4,8,6,0,50,Yes,12.678986995208762,1,web
College Graduate,Single,78499.0,912,72,170,47,36,97,1,11,3,4,4,0,66,Yes,12.829568788501026,0,web
PhD,Together,29732.0,25,0,8,0,1,4,1,2,0,2,9,0,52,No,12.49555099247091,1,web
Master,Together,41275.0,24,4,22,0,2,9,4,3,1,3,5,0,63,No,12.498288843258042,3,web
PhD,Together,63516.0,141,11,114,15,14,5,4,4,1,7,5,0,50,No,13.212867898699521,2,store
PhD,Married,42769.0,71,0,13,3,1,0,2,1,1,4,4,0,61,No,12.944558521560575,1,store
Master,Married,49572.0,35,1,16,0,1,1,2,2,0,3,7,0,65,No,12.76933607118412,2,store
College Graduate,Married,69209.0,496,32,849,229,48,128,2,5,3,6,4,0,51,Yes,14.012320328542094,0,store
College Graduate,Married,17148.0,9,9,11,13,10,16,4,3,1,3,8,0,47,No,12.648870636550308,1,web
College Graduate,Widow,40590.0,154,0,50,6,11,37,5,3,4,3,6,0,54,Yes,12.971937029431896,2,catalog
Master,Together,30560.0,9,1,5,4,5,7,1,1,0,3,7,0,47,No,13.23750855578371,1,store
Technical School,Married,32146.0,26,3,23,4,7,3,2,2,0,4,6,0,40,No,12.36413415468857,1,store
Technical School,Divorced,41713.0,77,8,44,10,10,25,5,3,1,4,6,0,59,No,12.399726214921287,2,store
Master,Together,34176.0,11,2,7,4,2,2,1,1,0,3,3,0,48,No,12.6652977412731,1,store
PhD,Married,58482.0,576,7,115,19,7,7,2,7,4,9,6,0,68,Yes,12.531143052703628,1,store
College Graduate,Single,59686.0,89,15,89,34,42,5,1,4,1,6,4,0,58,No,12.657084188911705,1,store
PhD,Married,60896.0,1013,30,399,60,46,153,3,9,10,4,6,0,59,Yes,13.946611909650924,1,catalog
College Graduate,Together,62994.0,224,12,48,4,12,12,1,6,2,4,6,0,43,No,12.553045859000685,1,web
College Graduate,Together,47320.0,200,19,111,50,15,19,6,5,1,8,6,0,66,No,13.141683778234086,1,store
Technical School,Widow,74859.0,570,73,614,133,102,73,1,6,5,11,3,0,74,Yes,13.30321697467488,0,store
High School,Single,15253.0,1,3,3,8,1,13,2,1,0,3,7,0,31,No,12.900752908966462,1,store
PhD,Single,31560.0,62,1,20,4,0,7,2,2,1,3,8,0,49,No,13.245722108145106,1,store
College Graduate,Divorced,72071.0,531,69,300,150,138,150,3,5,4,8,2,0,69,No,13.60164271047228,1,store
Master,Single,91172.0,162,28,818,0,28,56,0,4,3,7,3,0,33,Yes,13.489390828199863,0,store
College Graduate,Married,90000.0,675,144,133,94,192,241,1,4,8,5,1,0,39,Yes,12.747433264887064,0,catalog
College Graduate,Single,41967.0,23,4,10,0,2,15,1,1,0,3,4,0,42,No,12.829568788501026,2,store
College Graduate,Single,69263.0,492,5,32,13,5,21,1,9,1,7,6,0,58,Yes,12.550308008213552,1,web
Technical School,Divorced,65706.0,918,10,129,13,0,129,1,11,3,12,7,0,53,Yes,13.234770704996578,0,store
College Graduate,Together,60934.0,224,155,155,192,93,54,2,6,4,11,4,0,48,No,12.678986995208762,1,store
College Graduate,Married,71965.0,572,19,286,50,38,248,3,6,3,5,3,0,72,No,13.149897330595483,1,web
College Graduate,Married,65210.0,626,0,70,0,7,28,2,9,3,8,6,0,68,Yes,12.536618754277892,1,web
PhD,Married,79174.0,1074,37,518,193,92,129,1,5,6,7,2,0,48,Yes,13.69472963723477,0,store
Master,Divorced,81380.0,741,68,689,224,68,103,1,4,2,10,2,0,56,No,13.749486652977414,0,store
PhD,Single,48432.0,322,3,50,4,3,42,5,7,1,6,8,0,50,No,13.927446954140999,1,web
College Graduate,Married,52914.0,254,10,44,30,10,227,2,7,3,3,7,0,52,Yes,13.705681040383299,1,web
College Graduate,Together,38946.0,116,6,82,6,6,41,2,3,1,6,5,0,68,No,12.91170431211499,1,store
College Graduate,Married,26067.0,22,2,18,0,2,12,3,3,0,3,8,0,49,No,12.881587953456537,1,web
PhD,Married,44325.0,516,0,21,0,0,5,4,8,2,7,8,0,51,Yes,13.544147843942506,1,web
College Graduate,Married,42523.0,14,36,11,3,26,35,1,1,1,4,2,0,59,No,12.41615331964408,0,store
High School,Single,26487.0,2,8,10,12,14,23,3,2,1,3,5,0,45,No,13.34154688569473,1,store
Technical School,Married,53233.0,28,0,9,3,0,0,1,1,0,3,4,0,66,No,12.514715947980836,1,store
College Graduate,Married,67716.0,530,142,217,62,9,56,4,7,4,13,5,0,63,Yes,13.697467488021903,1,store
Master,Married,76234.0,519,50,167,130,0,41,1,8,3,11,3,0,51,Yes,12.624229979466119,1,store
PhD,Married,84117.0,611,76,749,59,45,26,1,7,10,6,2,0,67,Yes,12.366872005475702,0,catalog
Master,Together,65487.0,240,67,500,199,0,163,3,3,5,6,2,0,66,No,12.698151950718685,0,store
High School,Married,25224.0,4,9,12,11,2,8,2,1,1,3,3,0,51,No,12.5201916495551,1,store
Master,Single,89616.0,671,47,655,145,111,15,1,7,5,12,2,0,40,Yes,13.571526351813826,0,store
College Graduate,Divorced,40851.0,23,1,7,0,4,24,1,1,1,2,7,0,52,No,13.582477754962355,2,store
College Graduate,Married,27469.0,9,1,2,3,2,0,1,0,0,3,6,0,76,No,14.13826146475017,0,store
Technical School,Married,82347.0,556,54,845,202,133,63,1,7,7,10,3,0,66,Yes,13.875427789185489,0,store
College Graduate,Married,73803.0,833,80,363,52,26,174,2,9,5,6,6,0,66,Yes,14.140999315537304,1,web
Master,Single,8820.0,12,0,13,4,2,4,4,3,0,3,8,0,71,No,13.503080082135524,2,web
College Graduate,Single,43322.0,56,7,48,10,2,18,1,3,0,4,7,0,49,No,12.421629021218344,0,store
College Graduate,Together,55593.0,293,8,124,11,4,106,2,6,6,3,6,0,50,Yes,13.086926762491444,1,web
College Graduate,Married,50501.0,297,0,38,13,0,152,7,5,4,4,6,0,69,Yes,13.262149212867898,2,web
College Graduate,Married,37085.0,39,1,16,2,0,3,4,3,0,3,8,0,48,No,12.240930869267626,2,web
High School,Single,16185.0,5,11,16,21,8,45,2,2,2,2,8,0,33,No,13.130732375085557,1,web
College Graduate,Single,57731.0,266,21,300,65,8,44,4,8,8,6,6,0,54,No,13.828884325804244,1,web
PhD,Single,48432.0,322,3,50,4,3,42,5,7,1,6,8,0,50,Yes,13.927446954140999,1,web
College Graduate,Married,73807.0,366,124,156,71,78,54,2,5,5,11,2,0,45,No,13.71937029431896,1,store
College Graduate,Married,18929.0,32,0,8,23,4,18,1,1,0,4,6,0,33,No,13.596167008898014,0,store
College Graduate,Single,35893.0,158,0,23,0,0,18,6,3,1,5,8,0,55,No,13.935660506502396,2,store
College Graduate,Married,61014.0,269,129,495,182,43,29,4,9,3,4,7,0,43,No,14.113620807665983,1,web
College Graduate,Together,32144.0,41,0,10,0,0,3,4,2,1,3,7,0,69,Yes,12.501026694045175,2,store
High School,Together,14918.0,3,3,3,15,4,15,1,1,0,3,6,0,60,No,13.790554414784394,1,store
College Graduate,Divorced,45146.0,33,0,5,0,0,15,2,1,1,2,4,0,60,No,13.188227241615332,2,store
Technical School,Divorced,41769.0,302,29,131,32,0,27,6,8,1,7,8,0,68,No,13.604380561259411,1,web
College Graduate,Together,88325.0,519,71,860,93,27,53,1,6,2,9,2,0,42,No,12.626967830253252,0,store
Master,Divorced,38054.0,23,2,17,2,1,0,2,2,0,3,7,0,73,No,12.394250513347023,2,store
Technical School,Single,80617.0,594,51,631,72,55,32,1,4,6,8,2,0,28,No,13.943874058863791,0,store
College Graduate,Married,5305.0,12,4,7,1,3,5,0,1,0,0,13,0,47,No,13.14715947980835,1,web
College Graduate,Together,36807.0,4,2,5,0,0,5,1,1,0,2,6,0,69,No,13.754962354551678,2,store
College Graduate,Together,28427.0,18,3,19,3,3,6,2,2,0,3,8,0,40,No,13.505817932922655,1,store
PhD,Widow,82032.0,332,194,377,149,125,57,0,4,6,7,1,0,75,No,12.465434633812457,0,store
College Graduate,Together,22775.0,5,1,8,0,0,1,1,1,0,2,8,0,45,No,13.259411362080767,1,store
Master,Together,40101.0,171,3,129,26,24,62,4,6,1,6,7,0,38,No,13.938398357289527,1,web
College Graduate,Married,58025.0,270,31,88,11,48,22,3,3,2,10,4,0,44,No,12.821355236139631,1,store
Master,Single,75777.0,712,26,538,69,13,80,1,3,6,11,1,0,41,Yes,13.218343600273785,0,store
Technical School,Together,7500.0,2,8,11,3,8,21,4,3,2,2,7,0,44,No,13.377138945927447,1,web
Master,Married,33562.0,21,12,12,0,3,3,3,2,0,4,4,0,60,No,12.243668720054757,3,store
PhD,Single,57642.0,580,6,58,8,0,27,3,7,6,6,4,0,53,Yes,12.700889801505818,1,web
College Graduate,Together,58554.0,368,24,68,38,0,88,6,8,2,6,7,0,55,No,13.987679671457906,2,web
College Graduate,Married,63777.0,457,5,106,15,17,53,8,11,1,6,8,0,44,No,13.49760438056126,2,web
College Graduate,Single,57967.0,229,7,137,4,0,91,5,4,2,8,5,0,61,No,13.555099247091034,1,store
College Graduate,Married,24434.0,3,2,8,20,0,17,2,2,1,2,7,0,51,No,12.347707049965777,2,web
College Graduate,Single,11012.0,24,3,26,7,1,23,3,3,1,2,9,0,39,Yes,13.519507186858316,1,web
Master,Single,44802.0,853,10,143,13,10,20,2,9,4,12,8,0,53,No,14.08624229979466,0,store
College Graduate,Single,26816.0,5,1,6,3,4,3,1,0,0,3,4,0,37,No,14.097193702943189,0,store
College Graduate,Married,34421.0,3,3,7,6,2,9,1,1,0,2,7,0,49,No,13.22655715263518,1,store
College Graduate,Married,61223.0,709,43,182,42,118,247,2,9,3,4,5,0,56,No,13.27583846680356,1,web
PhD,Together,64014.0,406,0,30,0,0,8,7,8,2,5,7,0,77,Yes,12.284736481861739,3,web
College Graduate,Divorced,56981.0,908,48,217,32,12,24,1,2,3,13,6,0,42,Yes,12.657084188911705,0,store
Master,Together,69245.0,428,30,214,80,30,61,2,6,5,10,3,0,67,No,12.659822039698836,1,store
PhD,Married,52869.0,84,3,61,2,1,21,3,3,1,4,7,0,69,Yes,13.935660506502396,2,store
